rank,state_rank,district,state,state_code,headquarters,population,area_sq_km,density_per_sq_km,population_year,source,source_url
1,1,"North 24 Parganas","West Bengal","WB","Barasat",10082852,4094,2463,2011,"Wikipedia (Census of India 2011)","https://en.wikipedia.org/wiki/List_of_districts_in_India"
2,1,"Bangalore Urban","Karnataka","KA","Bangalore",9588910,2190,4378,2011,"Wikipedia (Census of India 2011)","https://en.wikipedia.org/wiki/List_of_districts_in_India"
3,1,"Pune","Maharashtra","MH","Pune",9426959,15643,603,2011,"Wikipedia (Census of India 2011)","https://en.wikipedia.org/wiki/List_of_districts_in_India"
4,2,"Mumbai Suburban","Maharashtra","MH","Bandra (East)",9332481,446,21000,2011,"Wikipedia (Census of India 2011)","https://en.wikipedia.org/wiki/List_of_districts_in_India"
5,2,"South 24 Parganas","West Bengal","WB","Alipore",8161961,9960,819,2011,"Wikipedia (Census of India 2011)","https://en.wikipedia.org/wiki/List_of_districts_in_India"
6,3,"Thane","Maharashtra","MH","Thane",8070032,4214,1915,2011,"Wikipedia (Census of India 2011)","https://en.wikipedia.org/wiki/List_of_districts_in_India"
7,1,"Ahmedabad","Gujarat","GJ","Ahmedabad",7208200,7170,890,2011,"Wikipedia (Census of India 2011)","https://en.wikipedia.org/wiki/List_of_districts_in_India"
8,1,"Chennai","Tamil Nadu","TN","Chennai",7139882,426,17000,2011,"Wikipedia (Census of India 2011)","https://en.wikipedia.org/wiki/List_of_districts_in_India"
9,3,"Murshidabad","West Bengal","WB","Baharampur",7102430,5324,1334,2011,"Wikipedia (Census of India 2011)","https://en.wikipedia.org/wiki/List_of_districts_in_India"
10,1,"Jaipur","Rajasthan","RJ","Jaipur",6626178,11143,595,2011,"Wikipedia (Census of India 2011)","https://en.wikipedia.org/wiki/List_of_districts_in_India"
11,4,"Nashik","Maharashtra","MH","Nashik",6109052,15539,393,2011,"Wikipedia (Census of India 2011)","https://en.wikipedia.org/wiki/List_of_districts_in_India"
12,2,"Surat","Gujarat","GJ","Surat",6081322,4418,953,2011,"Wikipedia (Census of India 2011)","https://en.wikipedia.org/wiki/List_of_districts_in_India"
13,1,"Prayagraj","Uttar Pradesh","UP","Prayagraj",5959798,5481,1087,2011,"Wikipedia (Census of India 2011)","https://en.wikipedia.org/wiki/List_of_districts_in_India"
14,1,"Patna","Bihar","BR","Patna",5772804,3202,1803,2011,"Wikipedia (Census of India 2011)","https://en.wikipedia.org/wiki/List_of_districts_in_India"
15,4,"Hooghly","West Bengal","WB","Chinsurah",5520389,3149,1753,2011,"Wikipedia (Census of India 2011)","https://en.wikipedia.org/wiki/List_of_districts_in_India"
16,5,"Nadia","West Bengal","WB","Krishnanagar",5168488,3927,1316,2011,"Wikipedia (Census of India 2011)","https://en.wikipedia.org/wiki/List_of_districts_in_India"
17,6,"Purba Medinipur","West Bengal","WB","Tamluk",5095875,4736,1076,2011,"Wikipedia (Census of India 2011)","https://en.wikipedia.org/wiki/List_of_districts_in_India"
18,2,"East Champaran","Bihar","BR","Motihari",5082868,3969,1281,2011,"Wikipedia (Census of India 2011)","https://en.wikipedia.org/wiki/List_of_districts_in_India"
19,7,"Howrah","West Bengal","WB","Howrah",4841638,1467,3300,2011,"Wikipedia (Census of India 2011)","https://en.wikipedia.org/wiki/List_of_districts_in_India"
20,8,"Purba Bardhaman","West Bengal","WB","Bardhaman",4835532,5433,890,2011,"Wikipedia (Census of India 2011)","https://en.wikipedia.org/wiki/List_of_districts_in_India"
21,3,"Muzaffarpur","Bihar","BR","Muzaffarpur",4778610,3173,1506,2011,"Wikipedia (Census of India 2011)","https://en.wikipedia.org/wiki/List_of_districts_in_India"
22,2,"Belagavi","Karnataka","KA","Belgaum",4778439,13415,356,2011,"Wikipedia (Census of India 2011)","https://en.wikipedia.org/wiki/List_of_districts_in_India"
23,9,"Paschim Medinipur","West Bengal","WB","Midnapore",4776909,6308,757,2011,"Wikipedia (Census of India 2011)","https://en.wikipedia.org/wiki/List_of_districts_in_India"
24,2,"Moradabad","Uttar Pradesh","UP","Moradabad",4773138,3718,1284,2011,"Wikipedia (Census of India 2011)","https://en.wikipedia.org/wiki/List_of_districts_in_India"
25,3,"Ghaziabad","Uttar Pradesh","UP","Ghaziabad",4661452,1175,3967,2011,"Wikipedia (Census of India 2011)","https://en.wikipedia.org/wiki/List_of_districts_in_India"
26,5,"Nagpur","Maharashtra","MH","Nagpur",4653171,9892,470,2011,"Wikipedia (Census of India 2011)","https://en.wikipedia.org/wiki/List_of_districts_in_India"
27,4,"Azamgarh","Uttar Pradesh","UP","Azamgarh",4616509,4053,1139,2011,"Wikipedia (Census of India 2011)","https://en.wikipedia.org/wiki/List_of_districts_in_India"
28,5,"Lucknow","Uttar Pradesh","UP","Lucknow",4588455,2528,1815,2011,"Wikipedia (Census of India 2011)","https://en.wikipedia.org/wiki/List_of_districts_in_India"
29,6,"Kanpur Nagar","Uttar Pradesh","UP","Kanpur",4572951,3156,1415,2011,"Wikipedia (Census of India 2011)","https://en.wikipedia.org/wiki/List_of_districts_in_India"
30,6,"Ahmednagar","Maharashtra","MH","Ahmednagar",4543083,17048,266,2011,"Wikipedia (Census of India 2011)","https://en.wikipedia.org/wiki/List_of_districts_in_India"
31,10,"Kolkata","West Bengal","WB","Kolkata",4486679,206,24252,2011,"Wikipedia (Census of India 2011)","https://en.wikipedia.org/wiki/List_of_districts_in_India"
32,7,"Jaunpur","Uttar Pradesh","UP","Jaunpur",4476072,4038,1108,2011,"Wikipedia (Census of India 2011)","https://en.wikipedia.org/wiki/List_of_districts_in_India"
33,4,"Madhubani","Bihar","BR","Madhubani",4476044,3501,1279,2011,"Wikipedia (Census of India 2011)","https://en.wikipedia.org/wiki/List_of_districts_in_India"
34,8,"Sitapur","Uttar Pradesh","UP","Sitapur",4474446,5743,779,2011,"Wikipedia (Census of India 2011)","https://en.wikipedia.org/wiki/List_of_districts_in_India"
35,9,"Bareilly","Uttar Pradesh","UP","Bareilly",4465344,4120,1084,2011,"Wikipedia (Census of India 2011)","https://en.wikipedia.org/wiki/List_of_districts_in_India"
36,10,"Gorakhpur","Uttar Pradesh","UP","Gorakhpur",4436275,3325,1336,2011,"Wikipedia (Census of India 2011)","https://en.wikipedia.org/wiki/List_of_districts_in_India"
37,11,"Agra","Uttar Pradesh","UP","Agra",4380793,4027,1084,2011,"Wikipedia (Census of India 2011)","https://en.wikipedia.org/wiki/List_of_districts_in_India"
38,5,"Gaya","Bihar","BR","Gaya",4379383,4978,880,2011,"Wikipedia (Census of India 2011)","https://en.wikipedia.org/wiki/List_of_districts_in_India"
39,7,"Solapur","Maharashtra","MH","Solapur",4315527,14895,290,2011,"Wikipedia (Census of India 2011)","https://en.wikipedia.org/wiki/List_of_districts_in_India"
40,6,"Samastipur","Bihar","BR","Samastipur",4254782,2905,1465,2011,"Wikipedia (Census of India 2011)","https://en.wikipedia.org/wiki/List_of_districts_in_India"
41,8,"Jalgaon","Maharashtra","MH","Jalgaon",4229917,11765,360,2011,"Wikipedia (Census of India 2011)","https://en.wikipedia.org/wiki/List_of_districts_in_India"
42,12,"Muzaffarnagar","Uttar Pradesh","UP","Muzaffarnagar",4138605,4008,1033,2011,"Wikipedia (Census of India 2011)","https://en.wikipedia.org/wiki/List_of_districts_in_India"
43,1,"Malappuram","Kerala","KL","Malappuram",4110956,3554,1058,2011,"Wikipedia (Census of India 2011)","https://en.wikipedia.org/wiki/List_of_districts_in_India"
44,13,"Hardoi","Uttar Pradesh","UP","Hardoi",4091380,5986,683,2011,"Wikipedia (Census of India 2011)","https://en.wikipedia.org/wiki/List_of_districts_in_India"
45,14,"Lakhimpur Kheri","Uttar Pradesh","UP","Lakhimpur",4013634,7674,523,2011,"Wikipedia (Census of India 2011)","https://en.wikipedia.org/wiki/List_of_districts_in_India"
46,11,"Maldah","West Bengal","WB","English Bazar",3997970,3733,1071,2011,"Wikipedia (Census of India 2011)","https://en.wikipedia.org/wiki/List_of_districts_in_India"
47,1,"Hyderabad","Telangana","TG","Hyderabad",3943323,217,18172,2011,"Wikipedia (Census of India 2011)","https://en.wikipedia.org/wiki/List_of_districts_in_India"
48,7,"Saran","Bihar","BR","Chhapra",3943098,2641,1493,2011,"Wikipedia (Census of India 2011)","https://en.wikipedia.org/wiki/List_of_districts_in_India"
49,8,"West Champaran","Bihar","BR","Bettiah",3935042,5229,753,2011,"Wikipedia (Census of India 2011)","https://en.wikipedia.org/wiki/List_of_districts_in_India"
50,9,"Darbhanga","Bihar","BR","Darbhanga",3921971,2278,1721,2011,"Wikipedia (Census of India 2011)","https://en.wikipedia.org/wiki/List_of_districts_in_India"
51,9,"Kolhapur","Maharashtra","MH","Kolhapur",3874015,7685,504,2011,"Wikipedia (Census of India 2011)","https://en.wikipedia.org/wiki/List_of_districts_in_India"
52,12,"Jalpaiguri","West Bengal","WB","Jalpaiguri",3869675,6227,621,2011,"Wikipedia (Census of India 2011)","https://en.wikipedia.org/wiki/List_of_districts_in_India"
53,15,"Sultanpur","Uttar Pradesh","UP","Sultanpur",3790922,4436,855,2011,"Wikipedia (Census of India 2011)","https://en.wikipedia.org/wiki/List_of_districts_in_India"
54,2,"Tiruvallur","Tamil Nadu","TN","Tiruvallur",3725697,3424,1049,2011,"Wikipedia (Census of India 2011)","https://en.wikipedia.org/wiki/List_of_districts_in_India"
55,16,"Budaun","Uttar Pradesh","UP","Budaun",3712738,5168,718,2011,"Wikipedia (Census of India 2011)","https://en.wikipedia.org/wiki/List_of_districts_in_India"
56,10,"Aurangabad","Maharashtra","MH","Aurangabad",3695928,10107,365,2011,"Wikipedia (Census of India 2011)","https://en.wikipedia.org/wiki/List_of_districts_in_India"
57,2,"Jodhpur","Rajasthan","RJ","Jodhpur",3685681,22850,161,2011,"Wikipedia (Census of India 2011)","https://en.wikipedia.org/wiki/List_of_districts_in_India"
58,17,"Bijnor","Uttar Pradesh","UP","Bijnor",3683896,4561,808,2011,"Wikipedia (Census of India 2011)","https://en.wikipedia.org/wiki/List_of_districts_in_India"
59,18,"Varanasi","Uttar Pradesh","UP","Varanasi",3682194,1535,2399,2011,"Wikipedia (Census of India 2011)","https://en.wikipedia.org/wiki/List_of_districts_in_India"
60,19,"Aligarh","Uttar Pradesh","UP","Aligarh",3673849,3747,1007,2011,"Wikipedia (Census of India 2011)","https://en.wikipedia.org/wiki/List_of_districts_in_India"
61,3,"Alwar","Rajasthan","RJ","Alwar",3671999,8380,438,2011,"Wikipedia (Census of India 2011)","https://en.wikipedia.org/wiki/List_of_districts_in_India"
62,1,"North West Delhi","Delhi","DL","Kanjhawala",3656539,130,8254,2011,"Wikipedia (Census of India 2011)","https://en.wikipedia.org/wiki/List_of_districts_in_India"
63,3,"Vadodara","Gujarat","GJ","Vadodara",3639775,4312,467,2011,"Wikipedia (Census of India 2011)","https://en.wikipedia.org/wiki/List_of_districts_in_India"
64,20,"Ghazipur","Uttar Pradesh","UP","Ghazipur",3622727,3377,1072,2011,"Wikipedia (Census of India 2011)","https://en.wikipedia.org/wiki/List_of_districts_in_India"
65,13,"Bankura","West Bengal","WB","Bankura",3596292,6882,523,2011,"Wikipedia (Census of India 2011)","https://en.wikipedia.org/wiki/List_of_districts_in_India"
66,21,"Kushinagar","Uttar Pradesh","UP","Padrauna",3560830,2909,1226,2011,"Wikipedia (Census of India 2011)","https://en.wikipedia.org/wiki/List_of_districts_in_India"
67,1,"Ganjam","Odisha","OD","Chhatrapur",3529031,8206,430,2011,"Wikipedia (Census of India 2011)","https://en.wikipedia.org/wiki/List_of_districts_in_India"
68,14,"Birbhum","West Bengal","WB","Suri",3502387,4545,771,2011,"Wikipedia (Census of India 2011)","https://en.wikipedia.org/wiki/List_of_districts_in_India"
69,22,"Bulandshahr","Uttar Pradesh","UP","Bulandshahr",3498507,3719,788,2011,"Wikipedia (Census of India 2011)","https://en.wikipedia.org/wiki/List_of_districts_in_India"
70,10,"Vaishali","Bihar","BR","Hajipur",3495021,2036,1717,2011,"Wikipedia (Census of India 2011)","https://en.wikipedia.org/wiki/List_of_districts_in_India"
71,1,"Ludhiana","Punjab","PB","Ludhiana",3487882,3744,975,2011,"Wikipedia (Census of India 2011)","https://en.wikipedia.org/wiki/List_of_districts_in_India"
72,3,"Salem","Tamil Nadu","TN","Salem",3480008,5245,663,2011,"Wikipedia (Census of India 2011)","https://en.wikipedia.org/wiki/List_of_districts_in_India"
73,4,"Coimbatore","Tamil Nadu","TN","Coimbatore",3472578,4723,748,2011,"Wikipedia (Census of India 2011)","https://en.wikipedia.org/wiki/List_of_districts_in_India"
74,23,"Saharanpur","Uttar Pradesh","UP","Saharanpur",3464228,3689,939,2011,"Wikipedia (Census of India 2011)","https://en.wikipedia.org/wiki/List_of_districts_in_India"
75,24,"Meerut","Uttar Pradesh","UP","Meerut",3447405,2522,1342,2011,"Wikipedia (Census of India 2011)","https://en.wikipedia.org/wiki/List_of_districts_in_India"
76,25,"Gonda","Uttar Pradesh","UP","Gonda",3431386,4425,857,2011,"Wikipedia (Census of India 2011)","https://en.wikipedia.org/wiki/List_of_districts_in_India"
77,11,"Sitamarhi","Bihar","BR","Sitamarhi",3419622,2199,1491,2011,"Wikipedia (Census of India 2011)","https://en.wikipedia.org/wiki/List_of_districts_in_India"
78,26,"Raebareli","Uttar Pradesh","UP","Raebareli",3404004,4609,739,2011,"Wikipedia (Census of India 2011)","https://en.wikipedia.org/wiki/List_of_districts_in_India"
79,11,"Nanded","Maharashtra","MH","Nanded",3356566,10528,319,2011,"Wikipedia (Census of India 2011)","https://en.wikipedia.org/wiki/List_of_districts_in_India"
80,12,"Siwan","Bihar","BR","Siwan",3318176,2219,1495,2011,"Wikipedia (Census of India 2011)","https://en.wikipedia.org/wiki/List_of_districts_in_India"
81,4,"Nagaur","Rajasthan","RJ","Nagaur",3309234,17718,187,2011,"Wikipedia (Census of India 2011)","https://en.wikipedia.org/wiki/List_of_districts_in_India"
82,2,"Thiruvananthapuram","Kerala","KL","Thiruvananthapuram",3307284,2189,1509,2011,"Wikipedia (Census of India 2011)","https://en.wikipedia.org/wiki/List_of_districts_in_India"
83,3,"Ernakulam","Kerala","KL","Kakkanad",3279860,3063,1069,2011,"Wikipedia (Census of India 2011)","https://en.wikipedia.org/wiki/List_of_districts_in_India"
84,13,"Purnia","Bihar","BR","Purnia",3273127,3228,1014,2011,"Wikipedia (Census of India 2011)","https://en.wikipedia.org/wiki/List_of_districts_in_India"
85,1,"Indore","Madhya Pradesh","MP","Indore",3272335,3898,839,2011,"Wikipedia (Census of India 2011)","https://en.wikipedia.org/wiki/List_of_districts_in_India"
86,27,"Barabanki","Uttar Pradesh","UP","Barabanki",3257983,3825,739,2011,"Wikipedia (Census of India 2011)","https://en.wikipedia.org/wiki/List_of_districts_in_India"
87,28,"Ballia","Uttar Pradesh","UP","Ballia",3223642,2981,1081,2011,"Wikipedia (Census of India 2011)","https://en.wikipedia.org/wiki/List_of_districts_in_India"
88,5,"Madurai","Tamil Nadu","TN","Madurai",3191038,3676,823,2011,"Wikipedia (Census of India 2011)","https://en.wikipedia.org/wiki/List_of_districts_in_India"
89,29,"Pratapgarh","Uttar Pradesh","UP","Pratapgarh",3173752,3717,854,2011,"Wikipedia (Census of India 2011)","https://en.wikipedia.org/wiki/List_of_districts_in_India"
90,4,"Rajkot","Gujarat","GJ","Rajkot",3157676,11203,282,2011,"Wikipedia (Census of India 2011)","https://en.wikipedia.org/wiki/List_of_districts_in_India"
91,12,"Mumbai City","Maharashtra","MH","Mumbai",3145966,157,20036,2011,"Wikipedia (Census of India 2011)","https://en.wikipedia.org/wiki/List_of_districts_in_India"
92,5,"Banaskantha","Gujarat","GJ","Palanpur",3116045,6176,290,2011,"Wikipedia (Census of India 2011)","https://en.wikipedia.org/wiki/List_of_districts_in_India"
93,30,"Unnao","Uttar Pradesh","UP","Unnao",3110595,4561,682,2011,"Wikipedia (Census of India 2011)","https://en.wikipedia.org/wiki/List_of_districts_in_India"
94,4,"Thrissur","Kerala","KL","Thrissur",3110327,3027,1026,2011,"Wikipedia (Census of India 2011)","https://en.wikipedia.org/wiki/List_of_districts_in_India"
95,31,"Deoria","Uttar Pradesh","UP","Deoria",3098637,2535,1220,2011,"Wikipedia (Census of India 2011)","https://en.wikipedia.org/wiki/List_of_districts_in_India"
96,5,"Kozhikode","Kerala","KL","Kozhikode",3089543,2345,1318,2011,"Wikipedia (Census of India 2011)","https://en.wikipedia.org/wiki/List_of_districts_in_India"
97,14,"Katihar","Bihar","BR","Katihar",3068149,3056,1004,2011,"Wikipedia (Census of India 2011)","https://en.wikipedia.org/wiki/List_of_districts_in_India"
98,5,"Udaipur","Rajasthan","RJ","Udaipur",3067549,13430,242,2011,"Wikipedia (Census of India 2011)","https://en.wikipedia.org/wiki/List_of_districts_in_India"
99,15,"Bhagalpur","Bihar","BR","Bhagalpur",3032226,2569,1180,2011,"Wikipedia (Census of India 2011)","https://en.wikipedia.org/wiki/List_of_districts_in_India"
100,13,"Satara","Maharashtra","MH","Satara",3003922,10475,287,2011,"Wikipedia (Census of India 2011)","https://en.wikipedia.org/wiki/List_of_districts_in_India"
101,32,"Shahjahanpur","Uttar Pradesh","UP","Shahjahanpur",3002376,4575,673,2011,"Wikipedia (Census of India 2011)","https://en.wikipedia.org/wiki/List_of_districts_in_India"
102,15,"Uttar Dinajpur","West Bengal","WB","Raiganj",3000849,3180,956,2011,"Wikipedia (Census of India 2011)","https://en.wikipedia.org/wiki/List_of_districts_in_India"
103,3,"Mysore","Karnataka","KA","Mysore",2994744,6854,437,2011,"Wikipedia (Census of India 2011)","https://en.wikipedia.org/wiki/List_of_districts_in_India"
104,14,"Palghar","Maharashtra","MH","Palghar",2990116,5344,560,2011,"Wikipedia (Census of India 2011)","https://en.wikipedia.org/wiki/List_of_districts_in_India"
105,16,"Rohtas","Bihar","BR","Sasaram",2962593,3850,763,2011,"Wikipedia (Census of India 2011)","https://en.wikipedia.org/wiki/List_of_districts_in_India"
106,17,"Begusarai","Bihar","BR","Begusarai",2954367,1917,1540,2011,"Wikipedia (Census of India 2011)","https://en.wikipedia.org/wiki/List_of_districts_in_India"
107,16,"Purulia","West Bengal","WB","Purulia",2927965,6259,468,2011,"Wikipedia (Census of India 2011)","https://en.wikipedia.org/wiki/List_of_districts_in_India"
108,1,"Ranchi","Jharkhand","JH","Ranchi",2912022,5097,572,2011,"Wikipedia (Census of India 2011)","https://en.wikipedia.org/wiki/List_of_districts_in_India"
109,2,"Patiala","Punjab","PB","Patiala",2892282,3175,596,2011,"Wikipedia (Census of India 2011)","https://en.wikipedia.org/wiki/List_of_districts_in_India"
110,15,"Amravati","Maharashtra","MH","Amravati",2887826,12235,237,2011,"Wikipedia (Census of India 2011)","https://en.wikipedia.org/wiki/List_of_districts_in_India"
111,17,"Paschim Bardhaman","West Bengal","WB","Asansol",2882031,1603,1798,2011,"Wikipedia (Census of India 2011)","https://en.wikipedia.org/wiki/List_of_districts_in_India"
112,6,"Bhavnagar","Gujarat","GJ","Bhavnagar",2877961,11155,288,2011,"Wikipedia (Census of India 2011)","https://en.wikipedia.org/wiki/List_of_districts_in_India"
113,18,"Nalanda","Bihar","BR","Bihar Sharif",2872523,2354,1220,2011,"Wikipedia (Census of India 2011)","https://en.wikipedia.org/wiki/List_of_districts_in_India"
114,1,"Nagaon","Assam","AS","Nagaon",2826006,3831,738,2011,"Wikipedia (Census of India 2011)","https://en.wikipedia.org/wiki/List_of_districts_in_India"
115,18,"Cooch Behar","West Bengal","WB","Cooch Behar",2822780,3387,833,2011,"Wikipedia (Census of India 2011)","https://en.wikipedia.org/wiki/List_of_districts_in_India"
116,16,"Sangli","Maharashtra","MH","Sangli",2820575,8572,329,2011,"Wikipedia (Census of India 2011)","https://en.wikipedia.org/wiki/List_of_districts_in_India"
117,6,"Palakkad","Kerala","KL","Palakkad",2810892,4482,627,2011,"Wikipedia (Census of India 2011)","https://en.wikipedia.org/wiki/List_of_districts_in_India"
118,19,"Araria","Bihar","BR","Araria",2806200,2829,992,2011,"Wikipedia (Census of India 2011)","https://en.wikipedia.org/wiki/List_of_districts_in_India"
119,17,"Yavatmal","Maharashtra","MH","Yavatmal",2775457,13582,204,2011,"Wikipedia (Census of India 2011)","https://en.wikipedia.org/wiki/List_of_districts_in_India"
120,7,"Junagadh","Gujarat","GJ","Junagadh",2742291,8839,310,2011,"Wikipedia (Census of India 2011)","https://en.wikipedia.org/wiki/List_of_districts_in_India"
121,2,"South Delhi","Delhi","DL","Saket",2731929,250,11060,2011,"Wikipedia (Census of India 2011)","https://en.wikipedia.org/wiki/List_of_districts_in_India"
122,20,"Bhojpur","Bihar","BR","Arrah",2720155,2473,1136,2011,"Wikipedia (Census of India 2011)","https://en.wikipedia.org/wiki/List_of_districts_in_India"
123,6,"Tiruchirappalli","Tamil Nadu","TN","Tiruchirappalli",2713858,4407,602,2011,"Wikipedia (Census of India 2011)","https://en.wikipedia.org/wiki/List_of_districts_in_India"
124,2,"Dhanbad","Jharkhand","JH","Dhanbad",2682662,2040,1316,2011,"Wikipedia (Census of India 2011)","https://en.wikipedia.org/wiki/List_of_districts_in_India"
125,4,"Tumakuru","Karnataka","KA","Tumakuru",2681449,10598,253,2011,"Wikipedia (Census of India 2011)","https://en.wikipedia.org/wiki/List_of_districts_in_India"
126,6,"Sikar","Rajasthan","RJ","Sikar",2677737,7732,346,2011,"Wikipedia (Census of India 2011)","https://en.wikipedia.org/wiki/List_of_districts_in_India"
127,33,"Maharajganj","Uttar Pradesh","UP","Maharajganj",2665292,2953,903,2011,"Wikipedia (Census of India 2011)","https://en.wikipedia.org/wiki/List_of_districts_in_India"
128,18,"Raigad","Maharashtra","MH","Alibag",2635394,7152,368,2011,"Wikipedia (Census of India 2011)","https://en.wikipedia.org/wiki/List_of_districts_in_India"
129,34,"Fatehpur","Uttar Pradesh","UP","Fatehpur",2632684,4152,634,2011,"Wikipedia (Census of India 2011)","https://en.wikipedia.org/wiki/List_of_districts_in_India"
130,7,"Kollam","Kerala","KL","Kollam",2629703,2483,1056,2011,"Wikipedia (Census of India 2011)","https://en.wikipedia.org/wiki/List_of_districts_in_India"
131,2,"Cuttack","Odisha","OD","Cuttack",2618708,3932,666,2011,"Wikipedia (Census of India 2011)","https://en.wikipedia.org/wiki/List_of_districts_in_India"
132,7,"Barmer","Rajasthan","RJ","Barmer",2604453,28387,92,2011,"Wikipedia (Census of India 2011)","https://en.wikipedia.org/wiki/List_of_districts_in_India"
133,7,"Cuddalore","Tamil Nadu","TN","Cuddalore",2600880,3999,702,2011,"Wikipedia (Census of India 2011)","https://en.wikipedia.org/wiki/List_of_districts_in_India"
134,19,"Buldhana","Maharashtra","MH","Buldhana",2588039,9661,268,2011,"Wikipedia (Census of India 2011)","https://en.wikipedia.org/wiki/List_of_districts_in_India"
135,20,"Beed","Maharashtra","MH","Beed",2585962,10693,242,2011,"Wikipedia (Census of India 2011)","https://en.wikipedia.org/wiki/List_of_districts_in_India"
136,8,"Ajmer","Rajasthan","RJ","Ajmer",2584913,8481,305,2011,"Wikipedia (Census of India 2011)","https://en.wikipedia.org/wiki/List_of_districts_in_India"
137,5,"Kalaburagi","Karnataka","KA","Kalaburagi",2564892,10990,233,2011,"Wikipedia (Census of India 2011)","https://en.wikipedia.org/wiki/List_of_districts_in_India"
138,21,"Gopalganj","Bihar","BR","Gopalganj",2558037,2033,1258,2011,"Wikipedia (Census of India 2011)","https://en.wikipedia.org/wiki/List_of_districts_in_India"
139,8,"Chengalpattu","Tamil Nadu","TN","Chengalpattu",2556244,2945,868,2011,"Wikipedia (Census of India 2011)","https://en.wikipedia.org/wiki/List_of_districts_in_India"
140,35,"Siddharthnagar","Uttar Pradesh","UP","Naugarh",2553526,2751,882,2011,"Wikipedia (Census of India 2011)","https://en.wikipedia.org/wiki/List_of_districts_in_India"
141,2,"Ranga Reddy","Telangana","TG","Hyderabad",2551731,5031,486,2011,"Wikipedia (Census of India 2011)","https://en.wikipedia.org/wiki/List_of_districts_in_India"
142,36,"Amethi","Uttar Pradesh","UP","Gauriganj",2549935,3063,830,2011,"Wikipedia (Census of India 2011)","https://en.wikipedia.org/wiki/List_of_districts_in_India"
143,9,"Bharatpur","Rajasthan","RJ","Bharatpur",2549121,5066,503,2011,"Wikipedia (Census of India 2011)","https://en.wikipedia.org/wiki/List_of_districts_in_India"
144,3,"West Delhi","Delhi","DL","Rajouri Garden",2543243,112,19563,2011,"Wikipedia (Census of India 2011)","https://en.wikipedia.org/wiki/List_of_districts_in_India"
145,3,"Medchal–Malkajgiri","Telangana","TG","Shamirpet",2542203,5005,2251,2011,"Wikipedia (Census of India 2011)","https://en.wikipedia.org/wiki/List_of_districts_in_India"
146,37,"Mathura","Uttar Pradesh","UP","Mathura",2541894,3333,761,2011,"Wikipedia (Census of India 2011)","https://en.wikipedia.org/wiki/List_of_districts_in_India"
147,8,"Kannur","Kerala","KL","Kannur",2525637,2961,852,2011,"Wikipedia (Census of India 2011)","https://en.wikipedia.org/wiki/List_of_districts_in_India"
148,3,"Mayurbhanj","Odisha","OD","Baripada",2513895,10418,241,2011,"Wikipedia (Census of India 2011)","https://en.wikipedia.org/wiki/List_of_districts_in_India"
149,22,"Aurangabad","Bihar","BR","Aurangabad",2511243,3303,760,2011,"Wikipedia (Census of India 2011)","https://en.wikipedia.org/wiki/List_of_districts_in_India"
150,38,"Firozabad","Uttar Pradesh","UP","Firozabad",2496761,2361,1044,2011,"Wikipedia (Census of India 2011)","https://en.wikipedia.org/wiki/List_of_districts_in_India"
151,39,"Mirzapur","Uttar Pradesh","UP","Mirzapur",2494533,4522,561,2011,"Wikipedia (Census of India 2011)","https://en.wikipedia.org/wiki/List_of_districts_in_India"
152,3,"Amritsar","Punjab","PB","Amritsar",2490891,2673,932,2011,"Wikipedia (Census of India 2011)","https://en.wikipedia.org/wiki/List_of_districts_in_India"
153,9,"Tiruppur","Tamil Nadu","TN","Tiruppur",2471222,5106,476,2011,"Wikipedia (Census of India 2011)","https://en.wikipedia.org/wiki/List_of_districts_in_India"
154,1,"Nellore","Andhra Pradesh","AP","Nellore",2469700,10441,236,2011,"Wikipedia (Census of India 2011)","https://en.wikipedia.org/wiki/List_of_districts_in_India"
155,10,"Tiruvannamalai","Tamil Nadu","TN","Tiruvannaamalai",2468965,6191,399,2011,"Wikipedia (Census of India 2011)","https://en.wikipedia.org/wiki/List_of_districts_in_India"
156,40,"Ayodhya","Uttar Pradesh","UP","Ayodhya",2468371,2765,1054,2011,"Wikipedia (Census of India 2011)","https://en.wikipedia.org/wiki/List_of_districts_in_India"
157,41,"Basti","Uttar Pradesh","UP","Basti",2461056,2687,916,2011,"Wikipedia (Census of India 2011)","https://en.wikipedia.org/wiki/List_of_districts_in_India"
158,2,"Jabalpur","Madhya Pradesh","MP","Jabalpur",2460714,5210,472,2011,"Wikipedia (Census of India 2011)","https://en.wikipedia.org/wiki/List_of_districts_in_India"
159,21,"Latur","Maharashtra","MH","Latur",2455543,7157,343,2011,"Wikipedia (Census of India 2011)","https://en.wikipedia.org/wiki/List_of_districts_in_India"
160,3,"Giridih","Jharkhand","JH","Giridih",2445203,4887,497,2011,"Wikipedia (Census of India 2011)","https://en.wikipedia.org/wiki/List_of_districts_in_India"
161,8,"Sabarkantha","Gujarat","GJ","Himatnagar",2427346,7390,328,2011,"Wikipedia (Census of India 2011)","https://en.wikipedia.org/wiki/List_of_districts_in_India"
162,10,"Bhilwara","Rajasthan","RJ","Bhilwara",2410459,10455,230,2011,"Wikipedia (Census of India 2011)","https://en.wikipedia.org/wiki/List_of_districts_in_India"
163,11,"Thanjavur","Tamil Nadu","TN","Thanjavur",2402781,3397,691,2011,"Wikipedia (Census of India 2011)","https://en.wikipedia.org/wiki/List_of_districts_in_India"
164,42,"Ambedkar Nagar","Uttar Pradesh","UP","Akbarpur",2398709,2372,1021,2011,"Wikipedia (Census of India 2011)","https://en.wikipedia.org/wiki/List_of_districts_in_India"
165,9,"Panchmahal","Gujarat","GJ","Godhra",2388267,5219,458,2011,"Wikipedia (Census of India 2011)","https://en.wikipedia.org/wiki/List_of_districts_in_India"
166,43,"Bahraich","Uttar Pradesh","UP","Bahraich",2384239,4926,415,2011,"Wikipedia (Census of India 2011)","https://en.wikipedia.org/wiki/List_of_districts_in_India"
167,3,"Sagar","Madhya Pradesh","MP","Sagar",2378295,10252,272,2011,"Wikipedia (Census of India 2011)","https://en.wikipedia.org/wiki/List_of_districts_in_India"
168,4,"Bhopal","Madhya Pradesh","MP","Bhopal",2368145,2772,854,2011,"Wikipedia (Census of India 2011)","https://en.wikipedia.org/wiki/List_of_districts_in_India"
169,11,"Bikaner","Rajasthan","RJ","Bikaner",2367745,27244,78,2011,"Wikipedia (Census of India 2011)","https://en.wikipedia.org/wiki/List_of_districts_in_India"
170,5,"Rewa","Madhya Pradesh","MP","Rewa",2363744,6314,374,2011,"Wikipedia (Census of India 2011)","https://en.wikipedia.org/wiki/List_of_districts_in_India"
171,44,"Rampur","Uttar Pradesh","UP","Rampur",2335398,2367,987,2011,"Wikipedia (Census of India 2011)","https://en.wikipedia.org/wiki/List_of_districts_in_India"
172,4,"Balasore","Odisha","OD","Balasore",2317419,3634,609,2011,"Wikipedia (Census of India 2011)","https://en.wikipedia.org/wiki/List_of_districts_in_India"
173,4,"Gurdaspur","Punjab","PB","Gurdaspur",2299026,3542,649,2011,"Wikipedia (Census of India 2011)","https://en.wikipedia.org/wiki/List_of_districts_in_India"
174,10,"Kheda","Gujarat","GJ","Nadiad",2298934,3667,541,2011,"Wikipedia (Census of India 2011)","https://en.wikipedia.org/wiki/List_of_districts_in_India"
175,4,"South West Delhi","Delhi","DL","Vasant Vihar",2292958,395,5446,2011,"Wikipedia (Census of India 2011)","https://en.wikipedia.org/wiki/List_of_districts_in_India"
176,4,"East Singhbhum","Jharkhand","JH","Jamshedpur",2291032,3562,648,2011,"Wikipedia (Census of India 2011)","https://en.wikipedia.org/wiki/List_of_districts_in_India"
177,2,"Prakasam","Andhra Pradesh","AP","Ongole",2288000,14322,160,2011,"Wikipedia (Census of India 2011)","https://en.wikipedia.org/wiki/List_of_districts_in_India"
178,3,"Kurnool","Andhra Pradesh","AP","Kurnool",2271700,7980,284,2011,"Wikipedia (Census of India 2011)","https://en.wikipedia.org/wiki/List_of_districts_in_India"
179,12,"Erode","Tamil Nadu","TN","Erode",2259608,5714,397,2011,"Wikipedia (Census of India 2011)","https://en.wikipedia.org/wiki/List_of_districts_in_India"
180,5,"Khordha","Odisha","OD","Khordha",2251673,2813,800,2011,"Wikipedia (Census of India 2011)","https://en.wikipedia.org/wiki/List_of_districts_in_India"
181,5,"North East Delhi","Delhi","DL","Seelampur",2241624,52,36155,2011,"Wikipedia (Census of India 2011)","https://en.wikipedia.org/wiki/List_of_districts_in_India"
182,4,"Ananthapuramu","Andhra Pradesh","AP","Ananthapuramu",2241100,10205,219,2011,"Wikipedia (Census of India 2011)","https://en.wikipedia.org/wiki/List_of_districts_in_India"
183,6,"Satna","Madhya Pradesh","MP","Satna",2228619,7502,297,2011,"Wikipedia (Census of India 2011)","https://en.wikipedia.org/wiki/List_of_districts_in_India"
184,23,"Supaul","Bihar","BR","Supaul",2228397,2410,919,2011,"Wikipedia (Census of India 2011)","https://en.wikipedia.org/wiki/List_of_districts_in_India"
185,5,"NTR","Andhra Pradesh","AP","Vijayawada",2218000,3316,668,2011,"Wikipedia (Census of India 2011)","https://en.wikipedia.org/wiki/List_of_districts_in_India"
186,45,"Sambhal","Uttar Pradesh","UP","Sambhal",2217020,2453,890,2011,"Wikipedia (Census of India 2011)","https://en.wikipedia.org/wiki/List_of_districts_in_India"
187,24,"Nawada","Bihar","BR","Nawada",2216653,2492,889,2011,"Wikipedia (Census of India 2011)","https://en.wikipedia.org/wiki/List_of_districts_in_India"
188,46,"Mau","Uttar Pradesh","UP","Mau",2205170,1713,1287,2011,"Wikipedia (Census of India 2011)","https://en.wikipedia.org/wiki/List_of_districts_in_India"
189,6,"Tirupati","Andhra Pradesh","AP","Tirupati",2197000,8231,241,2011,"Wikipedia (Census of India 2011)","https://en.wikipedia.org/wiki/List_of_districts_in_India"
190,22,"Chandrapur","Maharashtra","MH","Chandrapur",2194262,11443,192,2011,"Wikipedia (Census of India 2011)","https://en.wikipedia.org/wiki/List_of_districts_in_India"
191,7,"Srikakulam","Andhra Pradesh","AP","Srikakulam",2191471,4591,477,2011,"Wikipedia (Census of India 2011)","https://en.wikipedia.org/wiki/List_of_districts_in_India"
192,7,"Dhar","Madhya Pradesh","MP","Dhar",2184672,8153,268,2011,"Wikipedia (Census of India 2011)","https://en.wikipedia.org/wiki/List_of_districts_in_India"
193,5,"Jalandhar","Punjab","PB","Jalandhar",2181753,2625,831,2011,"Wikipedia (Census of India 2011)","https://en.wikipedia.org/wiki/List_of_districts_in_India"
194,6,"Bijapur","Karnataka","KA","Bijapur",2175102,10517,207,2011,"Wikipedia (Census of India 2011)","https://en.wikipedia.org/wiki/List_of_districts_in_India"
195,13,"Dindigul","Tamil Nadu","TN","Dindigul",2161367,6058,357,2011,"Wikipedia (Census of India 2011)","https://en.wikipedia.org/wiki/List_of_districts_in_India"
196,1,"Raipur","Chhattisgarh","CG","Raipur",2160876,2892,750,2011,"Wikipedia (Census of India 2011)","https://en.wikipedia.org/wiki/List_of_districts_in_India"
197,11,"Jamnagar","Gujarat","GJ","Jamnagar",2159130,14125,153,2011,"Wikipedia (Census of India 2011)","https://en.wikipedia.org/wiki/List_of_districts_in_India"
198,47,"Balrampur","Uttar Pradesh","UP","Balrampur",2149066,3349,642,2011,"Wikipedia (Census of India 2011)","https://en.wikipedia.org/wiki/List_of_districts_in_India"
199,12,"Jhunjhunu","Rajasthan","RJ","Jhunjhunu",2139658,5928,361,2011,"Wikipedia (Census of India 2011)","https://en.wikipedia.org/wiki/List_of_districts_in_India"
200,12,"Dahod","Gujarat","GJ","Dahod",2126558,3642,582,2011,"Wikipedia (Census of India 2011)","https://en.wikipedia.org/wiki/List_of_districts_in_India"
201,9,"Alappuzha","Kerala","KL","Alappuzha",2121943,1415,1501,2011,"Wikipedia (Census of India 2011)","https://en.wikipedia.org/wiki/List_of_districts_in_India"
202,14,"Viluppuram","Tamil Nadu","TN","Viluppuram",2093003,3725,562,2011,"Wikipedia (Census of India 2011)","https://en.wikipedia.org/wiki/List_of_districts_in_India"
203,8,"Kakinada","Andhra Pradesh","AP","Kakinada",2092300,3019,693,2011,"Wikipedia (Census of India 2011)","https://en.wikipedia.org/wiki/List_of_districts_in_India"
204,9,"Guntur","Andhra Pradesh","AP","Guntur",2091000,2443,855,2011,"Wikipedia (Census of India 2011)","https://en.wikipedia.org/wiki/List_of_districts_in_India"
205,13,"Kutch","Gujarat","GJ","Bhuj",2090313,45652,46,2011,"Wikipedia (Census of India 2011)","https://en.wikipedia.org/wiki/List_of_districts_in_India"
206,8,"Chhindwara","Madhya Pradesh","MP","Chhindwara",2090306,11815,177,2011,"Wikipedia (Census of India 2011)","https://en.wikipedia.org/wiki/List_of_districts_in_India"
207,14,"Anand","Gujarat","GJ","Anand",2090276,2942,711,2011,"Wikipedia (Census of India 2011)","https://en.wikipedia.org/wiki/List_of_districts_in_India"
208,7,"Dakshina Kannada","Karnataka","KA","Mangalore",2083625,4559,457,2011,"Wikipedia (Census of India 2011)","https://en.wikipedia.org/wiki/List_of_districts_in_India"
209,6,"Sundargarh","Odisha","OD","Sundergarh",2080664,9712,214,2011,"Wikipedia (Census of India 2011)","https://en.wikipedia.org/wiki/List_of_districts_in_India"
210,10,"Eluru","Andhra Pradesh","AP","Eluru",2071700,6679,310,2011,"Wikipedia (Census of India 2011)","https://en.wikipedia.org/wiki/List_of_districts_in_India"
211,5,"Bokaro","Jharkhand","JH","Bokaro",2061918,2883,716,2011,"Wikipedia (Census of India 2011)","https://en.wikipedia.org/wiki/List_of_districts_in_India"
212,11,"YSR Kadapa","Andhra Pradesh","AP","Kadapa",2060700,11228,183,2011,"Wikipedia (Census of India 2011)","https://en.wikipedia.org/wiki/List_of_districts_in_India"
213,23,"Dhule","Maharashtra","MH","Dhule",2048781,8095,285,2011,"Wikipedia (Census of India 2011)","https://en.wikipedia.org/wiki/List_of_districts_in_India"
214,12,"Palnadu","Andhra Pradesh","AP","Narasaraopet",2042000,7298,279,2011,"Wikipedia (Census of India 2011)","https://en.wikipedia.org/wiki/List_of_districts_in_India"
215,13,"Churu","Rajasthan","RJ","Churu",2041172,16830,148,2011,"Wikipedia (Census of India 2011)","https://en.wikipedia.org/wiki/List_of_districts_in_India"
216,14,"Pali","Rajasthan","RJ","Pali",2038533,12387,165,2011,"Wikipedia (Census of India 2011)","https://en.wikipedia.org/wiki/List_of_districts_in_India"
217,48,"Pilibhit","Uttar Pradesh","UP","Pilibhit",2037225,3499,567,2011,"Wikipedia (Census of India 2011)","https://en.wikipedia.org/wiki/List_of_districts_in_India"
218,9,"Gwalior","Madhya Pradesh","MP","Gwalior",2030543,5465,445,2011,"Wikipedia (Census of India 2011)","https://en.wikipedia.org/wiki/List_of_districts_in_India"
219,25,"Banka","Bihar","BR","Banka",2029339,3018,672,2011,"Wikipedia (Census of India 2011)","https://en.wikipedia.org/wiki/List_of_districts_in_India"
220,15,"Mehsana","Gujarat","GJ","Mehsana",2027727,4386,462,2011,"Wikipedia (Census of India 2011)","https://en.wikipedia.org/wiki/List_of_districts_in_India"
221,6,"Firozpur","Punjab","PB","Firozpur",2026831,5334,380,2011,"Wikipedia (Census of India 2011)","https://en.wikipedia.org/wiki/List_of_districts_in_India"
222,49,"Jhansi","Uttar Pradesh","UP","Jhansi",2000755,5024,398,2011,"Wikipedia (Census of India 2011)","https://en.wikipedia.org/wiki/List_of_districts_in_India"
223,26,"Madhepura","Bihar","BR","Madhepura",1994618,1787,1116,2011,"Wikipedia (Census of India 2011)","https://en.wikipedia.org/wiki/List_of_districts_in_India"
224,10,"Ujjain","Madhya Pradesh","MP","Ujjain",1986864,6091,356,2011,"Wikipedia (Census of India 2011)","https://en.wikipedia.org/wiki/List_of_districts_in_India"
225,10,"Kottayam","Kerala","KL","Kottayam",1979384,2206,896,2011,"Wikipedia (Census of India 2011)","https://en.wikipedia.org/wiki/List_of_districts_in_India"
226,15,"Sri Ganganagar","Rajasthan","RJ","Sri Ganganagar",1969520,10990,179,2011,"Wikipedia (Census of India 2011)","https://en.wikipedia.org/wiki/List_of_districts_in_India"
227,11,"Morena","Madhya Pradesh","MP","Morena",1965137,4991,394,2011,"Wikipedia (Census of India 2011)","https://en.wikipedia.org/wiki/List_of_districts_in_India"
228,2,"Bilaspur","Chhattisgarh","CG","Bilaspur",1961922,3508,460,2011,"Wikipedia (Census of India 2011)","https://en.wikipedia.org/wiki/List_of_districts_in_India"
229,13,"Visakhapatnam","Andhra Pradesh","AP","Visakhapatnam",1959500,1048,1869,2011,"Wikipedia (Census of India 2011)","https://en.wikipedia.org/wiki/List_of_districts_in_India"
230,24,"Jalna","Maharashtra","MH","Jalna",1958483,7718,255,2011,"Wikipedia (Census of India 2011)","https://en.wikipedia.org/wiki/List_of_districts_in_India"
231,50,"Chandauli","Uttar Pradesh","UP","Chandauli",1952713,2554,768,2011,"Wikipedia (Census of India 2011)","https://en.wikipedia.org/wiki/List_of_districts_in_India"
232,16,"Kota","Rajasthan","RJ","Kota",1950491,5446,374,2011,"Wikipedia (Census of India 2011)","https://en.wikipedia.org/wiki/List_of_districts_in_India"
233,2,"Dhubri","Assam","AS","Dhubri",1948632,2838,687,2011,"Wikipedia (Census of India 2011)","https://en.wikipedia.org/wiki/List_of_districts_in_India"
234,15,"Virudhunagar","Tamil Nadu","TN","Virudhunagar",1943309,3446,454,2011,"Wikipedia (Census of India 2011)","https://en.wikipedia.org/wiki/List_of_districts_in_India"
235,6,"Palamu","Jharkhand","JH","Daltonganj",1936319,4393,442,2011,"Wikipedia (Census of India 2011)","https://en.wikipedia.org/wiki/List_of_districts_in_India"
236,14,"Vizianagaram","Andhra Pradesh","AP","Vizianagaram",1930800,4122,468,2011,"Wikipedia (Census of India 2011)","https://en.wikipedia.org/wiki/List_of_districts_in_India"
237,1,"Haridwar","Uttarakhand","UK","Haridwar",1927029,2360,817,2011,"Wikipedia (Census of India 2011)","https://en.wikipedia.org/wiki/List_of_districts_in_India"
238,3,"Sonitpur","Assam","AS","Tezpur",1925975,5324,362,2011,"Wikipedia (Census of India 2011)","https://en.wikipedia.org/wiki/List_of_districts_in_India"
239,8,"Raichur","Karnataka","KA","Raichur",1924773,6839,228,2011,"Wikipedia (Census of India 2011)","https://en.wikipedia.org/wiki/List_of_districts_in_India"
240,16,"Pudukkottai","Tamil Nadu","TN","Pudukkottai",1918725,4651,348,2011,"Wikipedia (Census of India 2011)","https://en.wikipedia.org/wiki/List_of_districts_in_India"
241,27,"Saharsa","Bihar","BR","Saharsa",1897102,1702,1125,2011,"Wikipedia (Census of India 2011)","https://en.wikipedia.org/wiki/List_of_districts_in_India"
242,9,"Bagalkot","Karnataka","KA","Bagalkote",1890826,6583,288,2011,"Wikipedia (Census of India 2011)","https://en.wikipedia.org/wiki/List_of_districts_in_India"
243,51,"Farrukhabad","Uttar Pradesh","UP","Fatehgarh",1887577,2279,865,2011,"Wikipedia (Census of India 2011)","https://en.wikipedia.org/wiki/List_of_districts_in_India"
244,17,"Krishnagiri","Tamil Nadu","TN","Krishnagiri",1883731,5086,370,2011,"Wikipedia (Census of India 2011)","https://en.wikipedia.org/wiki/List_of_districts_in_India"
245,15,"Chittoor","Andhra Pradesh","AP","Chittoor",1873000,6855,273,2011,"Wikipedia (Census of India 2011)","https://en.wikipedia.org/wiki/List_of_districts_in_India"
246,12,"Khargone","Madhya Pradesh","MP","Khargone",1872413,8010,233,2011,"Wikipedia (Census of India 2011)","https://en.wikipedia.org/wiki/List_of_districts_in_India"
247,18,"Kanyakumari","Tamil Nadu","TN","Nagercoil",1863178,1685,1106,2011,"Wikipedia (Census of India 2011)","https://en.wikipedia.org/wiki/List_of_districts_in_India"
248,52,"Sonbhadra","Uttar Pradesh","UP","Robertsganj",1862612,6788,274,2011,"Wikipedia (Census of India 2011)","https://en.wikipedia.org/wiki/List_of_districts_in_India"
249,53,"Mainpuri","Uttar Pradesh","UP","Mainpuri",1847194,2760,670,2011,"Wikipedia (Census of India 2011)","https://en.wikipedia.org/wiki/List_of_districts_in_India"
250,10,"Dharwad","Karnataka","KA","Dharwad",1846993,4265,434,2011,"Wikipedia (Census of India 2011)","https://en.wikipedia.org/wiki/List_of_districts_in_India"
251,16,"Sri Sathya Sai","Andhra Pradesh","AP","Puttaparthi",1840000,8925,206,2011,"Wikipedia (Census of India 2011)","https://en.wikipedia.org/wiki/List_of_districts_in_India"
252,54,"Amroha","Uttar Pradesh","UP","Amroha",1838771,2321,818,2011,"Wikipedia (Census of India 2011)","https://en.wikipedia.org/wiki/List_of_districts_in_India"
253,25,"Parbhani","Maharashtra","MH","Parbhani",1835982,6511,295,2011,"Wikipedia (Census of India 2011)","https://en.wikipedia.org/wiki/List_of_districts_in_India"
254,17,"East Godavari","Andhra Pradesh","AP","Rajamahendravaram",1832300,2561,715,2011,"Wikipedia (Census of India 2011)","https://en.wikipedia.org/wiki/List_of_districts_in_India"
255,17,"Jalore","Rajasthan","RJ","Jalore",1830151,10640,172,2011,"Wikipedia (Census of India 2011)","https://en.wikipedia.org/wiki/List_of_districts_in_India"
256,7,"Jajpur","Odisha","OD","Jajpur",1826275,2888,630,2011,"Wikipedia (Census of India 2011)","https://en.wikipedia.org/wiki/List_of_districts_in_India"
257,26,"Akola","Maharashtra","MH","Akola",1818617,5429,321,2011,"Wikipedia (Census of India 2011)","https://en.wikipedia.org/wiki/List_of_districts_in_India"
258,11,"Mandya","Karnataka","KA","Mandya",1808680,4961,365,2011,"Wikipedia (Census of India 2011)","https://en.wikipedia.org/wiki/List_of_districts_in_India"
259,8,"Kendujhar","Odisha","OD","Kendujhar",1802777,8240,217,2011,"Wikipedia (Census of India 2011)","https://en.wikipedia.org/wiki/List_of_districts_in_India"
260,55,"Banda","Uttar Pradesh","UP","Banda",1799541,4413,404,2011,"Wikipedia (Census of India 2011)","https://en.wikipedia.org/wiki/List_of_districts_in_India"
261,1,"Faridabad","Haryana","HR","Faridabad",1798954,783,2298,2011,"Wikipedia (Census of India 2011)","https://en.wikipedia.org/wiki/List_of_districts_in_India"
262,18,"Banswara","Rajasthan","RJ","Banswara",1798194,5037,399,2011,"Wikipedia (Census of India 2011)","https://en.wikipedia.org/wiki/List_of_districts_in_India"
263,56,"Kanpur Dehat","Uttar Pradesh","UP","Akbarpur",1795092,3021,594,2011,"Wikipedia (Census of India 2011)","https://en.wikipedia.org/wiki/List_of_districts_in_India"
264,18,"Nandyal","Andhra Pradesh","AP","Nandyal",1781800,9682,184,2011,"Wikipedia (Census of India 2011)","https://en.wikipedia.org/wiki/List_of_districts_in_India"
265,19,"West Godavari","Andhra Pradesh","AP","Bhimavaram",1780000,2178,817,2011,"Wikipedia (Census of India 2011)","https://en.wikipedia.org/wiki/List_of_districts_in_India"
266,19,"Hanumangarh","Rajasthan","RJ","Hanumangarh",1779650,9670,184,2011,"Wikipedia (Census of India 2011)","https://en.wikipedia.org/wiki/List_of_districts_in_India"
267,12,"Hassan","Karnataka","KA","Hassan",1776221,6814,261,2011,"Wikipedia (Census of India 2011)","https://en.wikipedia.org/wiki/List_of_districts_in_India"
268,13,"Chhatarpur","Madhya Pradesh","MP","Chhatarpur",1762857,8687,203,2011,"Wikipedia (Census of India 2011)","https://en.wikipedia.org/wiki/List_of_districts_in_India"
269,57,"Etah","Uttar Pradesh","UP","Etah",1761152,2456,717,2011,"Wikipedia (Census of India 2011)","https://en.wikipedia.org/wiki/List_of_districts_in_India"
270,28,"Jamui","Bihar","BR","Jamui",1756078,3099,567,2011,"Wikipedia (Census of India 2011)","https://en.wikipedia.org/wiki/List_of_districts_in_India"
271,16,"Surendranagar","Gujarat","GJ","Surendranagar",1755873,10489,167,2011,"Wikipedia (Census of India 2011)","https://en.wikipedia.org/wiki/List_of_districts_in_India"
272,13,"Shimoga","Karnataka","KA","Shimoga",1755512,8495,207,2011,"Wikipedia (Census of India 2011)","https://en.wikipedia.org/wiki/List_of_districts_in_India"
273,2,"Hisar","Haryana","HR","Hisar",1742815,3788,438,2011,"Wikipedia (Census of India 2011)","https://en.wikipedia.org/wiki/List_of_districts_in_India"
274,19,"Thoothukudi","Tamil Nadu","TN","Thoothukudi",1738376,4594,378,2011,"Wikipedia (Census of India 2011)","https://en.wikipedia.org/wiki/List_of_districts_in_India"
275,4,"Cachar","Assam","AS","Silchar",1736319,3786,459,2011,"Wikipedia (Census of India 2011)","https://en.wikipedia.org/wiki/List_of_districts_in_India"
276,20,"Krishna","Andhra Pradesh","AP","Machilipatnam",1735000,3775,459,2011,"Wikipedia (Census of India 2011)","https://en.wikipedia.org/wiki/List_of_districts_in_India"
277,7,"Hazaribag","Jharkhand","JH","Hazaribag",1734495,3555,488,2011,"Wikipedia (Census of India 2011)","https://en.wikipedia.org/wiki/List_of_districts_in_India"
278,21,"Anakapalli","Andhra Pradesh","AP","Anakapalli",1727000,4292,402,2011,"Wikipedia (Census of India 2011)","https://en.wikipedia.org/wiki/List_of_districts_in_India"
279,14,"Shivpuri","Madhya Pradesh","MP","Shivpuri",1725818,10290,168,2011,"Wikipedia (Census of India 2011)","https://en.wikipedia.org/wiki/List_of_districts_in_India"
280,3,"Durg","Chhattisgarh","CG","Durg",1721726,2238,770,2011,"Wikipedia (Census of India 2011)","https://en.wikipedia.org/wiki/List_of_districts_in_India"
281,20,"Namakkal","Tamil Nadu","TN","Namakkal",1721179,3429,506,2011,"Wikipedia (Census of India 2011)","https://en.wikipedia.org/wiki/List_of_districts_in_India"
282,22,"Dr. B.R. Ambedkar Konaseema","Andhra Pradesh","AP","Amalapuram",1719100,2083,825,2011,"Wikipedia (Census of India 2011)","https://en.wikipedia.org/wiki/List_of_districts_in_India"
283,58,"Sant Kabir Nagar","Uttar Pradesh","UP","Khalilabad",1714300,1442,1014,2011,"Wikipedia (Census of India 2011)","https://en.wikipedia.org/wiki/List_of_districts_in_India"
284,6,"East Delhi","Delhi","DL","Preet Vihar",1709346,440,27132,2011,"Wikipedia (Census of India 2011)","https://en.wikipedia.org/wiki/List_of_districts_in_India"
285,29,"Buxar","Bihar","BR","Buxar",1707643,1624,1003,2011,"Wikipedia (Census of India 2011)","https://en.wikipedia.org/wiki/List_of_districts_in_India"
286,15,"Bhind","Madhya Pradesh","MP","Bhind",1703562,4459,382,2011,"Wikipedia (Census of India 2011)","https://en.wikipedia.org/wiki/List_of_districts_in_India"
287,17,"Valsad","Gujarat","GJ","Valsad",1703068,3034,561,2011,"Wikipedia (Census of India 2011)","https://en.wikipedia.org/wiki/List_of_districts_in_India"
288,16,"Balaghat","Madhya Pradesh","MP","Balaghat",1701156,9229,184,2011,"Wikipedia (Census of India 2011)","https://en.wikipedia.org/wiki/List_of_districts_in_India"
289,14,"Bidar","Karnataka","KA","Bidar",1700018,5448,312,2011,"Wikipedia (Census of India 2011)","https://en.wikipedia.org/wiki/List_of_districts_in_India"
290,2,"Dehradun","Uttarakhand","UK","Dehradun",1698560,3088,550,2011,"Wikipedia (Census of India 2011)","https://en.wikipedia.org/wiki/List_of_districts_in_India"
291,9,"Puri","Odisha","OD","Puri",1697983,3051,488,2011,"Wikipedia (Census of India 2011)","https://en.wikipedia.org/wiki/List_of_districts_in_India"
292,23,"Annamayya","Andhra Pradesh","AP","Madanapalle",1697300,7954,213,2011,"Wikipedia (Census of India 2011)","https://en.wikipedia.org/wiki/List_of_districts_in_India"
293,5,"Barpeta","Assam","AS","Barpeta",1693622,3245,520,2011,"Wikipedia (Census of India 2011)","https://en.wikipedia.org/wiki/List_of_districts_in_India"
294,30,"Kishanganj","Bihar","BR","Kishanganj",1690948,1884,898,2011,"Wikipedia (Census of India 2011)","https://en.wikipedia.org/wiki/List_of_districts_in_India"
295,21,"Kallakurichi","Tamil Nadu","TN","Kallakurichi",1682687,3520,478,2011,"Wikipedia (Census of India 2011)","https://en.wikipedia.org/wiki/List_of_districts_in_India"
296,59,"Gautam Buddha Nagar","Uttar Pradesh","UP","Noida",1674714,1269,1252,2011,"Wikipedia (Census of India 2011)","https://en.wikipedia.org/wiki/List_of_districts_in_India"
297,19,"Dakshin Dinajpur","West Bengal","WB","Balurghat",1670931,2183,753,2011,"Wikipedia (Census of India 2011)","https://en.wikipedia.org/wiki/List_of_districts_in_India"
298,60,"Jalaun","Uttar Pradesh","UP","Orai",1670718,4565,366,2011,"Wikipedia (Census of India 2011)","https://en.wikipedia.org/wiki/List_of_districts_in_India"
299,22,"Tirunelveli","Tamil Nadu","TN","Tirunelveli",1665253,3842,433,2011,"Wikipedia (Census of India 2011)","https://en.wikipedia.org/wiki/List_of_districts_in_India"
300,15,"Chitradurga","Karnataka","KA","Chitradurga",1660378,8437,197,2011,"Wikipedia (Census of India 2011)","https://en.wikipedia.org/wiki/List_of_districts_in_India"
301,27,"Osmanabad","Maharashtra","MH","Osmanabad",1660311,7569,219,2011,"Wikipedia (Census of India 2011)","https://en.wikipedia.org/wiki/List_of_districts_in_India"
302,61,"Kannauj","Uttar Pradesh","UP","Kannauj",1658005,1993,792,2011,"Wikipedia (Census of India 2011)","https://en.wikipedia.org/wiki/List_of_districts_in_India"
303,31,"Khagaria","Bihar","BR","Khagaria",1657599,1486,1115,2011,"Wikipedia (Census of India 2011)","https://en.wikipedia.org/wiki/List_of_districts_in_India"
304,7,"Sangrur","Punjab","PB","Sangrur",1654408,3685,449,2011,"Wikipedia (Census of India 2011)","https://en.wikipedia.org/wiki/List_of_districts_in_India"
305,10,"Balangir","Odisha","OD","Balangir",1648574,6575,251,2011,"Wikipedia (Census of India 2011)","https://en.wikipedia.org/wiki/List_of_districts_in_India"
306,3,"Udham Singh Nagar","Uttarakhand","UK","Rudrapur",1648367,2912,648,2011,"Wikipedia (Census of India 2011)","https://en.wikipedia.org/wiki/List_of_districts_in_India"
307,28,"Nandurbar","Maharashtra","MH","Nandurbar",1646177,5055,276,2011,"Wikipedia (Census of India 2011)","https://en.wikipedia.org/wiki/List_of_districts_in_India"
308,16,"Davanagere","Karnataka","KA","Davangere",1643494,4460,370,2011,"Wikipedia (Census of India 2011)","https://en.wikipedia.org/wiki/List_of_districts_in_India"
309,20,"Dausa","Rajasthan","RJ","Dausa",1637226,3429,476,2011,"Wikipedia (Census of India 2011)","https://en.wikipedia.org/wiki/List_of_districts_in_India"
310,4,"Nalgonda","Telangana","TG","Nalgonda",1631399,2449,227,2011,"Wikipedia (Census of India 2011)","https://en.wikipedia.org/wiki/List_of_districts_in_India"
311,3,"Bhiwani","Haryana","HR","Bhiwani",1629109,5140,341,2011,"Wikipedia (Census of India 2011)","https://en.wikipedia.org/wiki/List_of_districts_in_India"
312,32,"Kaimur","Bihar","BR","Bhabua",1626900,3363,488,2011,"Wikipedia (Census of India 2011)","https://en.wikipedia.org/wiki/List_of_districts_in_India"
313,21,"Didwana Kuchaman","Rajasthan","RJ","Didwana",1625837,6803,239,2011,"Wikipedia (Census of India 2011)","https://en.wikipedia.org/wiki/List_of_districts_in_India"
314,4,"Janjgir-Champa","Chhattisgarh","CG","Janjgir",1620632,3848,421,2011,"Wikipedia (Census of India 2011)","https://en.wikipedia.org/wiki/List_of_districts_in_India"
315,23,"Vellore","Tamil Nadu","TN","Vellore",1614242,2080,776,2011,"Wikipedia (Census of India 2011)","https://en.wikipedia.org/wiki/List_of_districts_in_India"
316,24,"Nagapattinam","Tamil Nadu","TN","Nagapattinam",1614069,2716,668,2011,"Wikipedia (Census of India 2011)","https://en.wikipedia.org/wiki/List_of_districts_in_India"
317,29,"Ratnagiri","Maharashtra","MH","Ratnagiri",1612672,8208,196,2011,"Wikipedia (Census of India 2011)","https://en.wikipedia.org/wiki/List_of_districts_in_India"
318,17,"Haveri","Karnataka","KA","Haveri",1598506,4825,331,2011,"Wikipedia (Census of India 2011)","https://en.wikipedia.org/wiki/List_of_districts_in_India"
319,62,"Kaushambi","Uttar Pradesh","UP","Manjhanpur",1596909,1837,897,2011,"Wikipedia (Census of India 2011)","https://en.wikipedia.org/wiki/List_of_districts_in_India"
320,20,"Darjeeling","West Bengal","WB","Darjeeling",1595181,2093,762,2011,"Wikipedia (Census of India 2011)","https://en.wikipedia.org/wiki/List_of_districts_in_India"
321,24,"Bapatla","Andhra Pradesh","AP","Bapatla",1587000,3829,414,2011,"Wikipedia (Census of India 2011)","https://en.wikipedia.org/wiki/List_of_districts_in_India"
322,8,"Hoshiarpur","Punjab","PB","Hoshiarpur",1582793,3397,466,2011,"Wikipedia (Census of India 2011)","https://en.wikipedia.org/wiki/List_of_districts_in_India"
323,63,"Etawah","Uttar Pradesh","UP","Etawah",1579160,2287,683,2011,"Wikipedia (Census of India 2011)","https://en.wikipedia.org/wiki/List_of_districts_in_India"
324,17,"Betul","Madhya Pradesh","MP","Betul",1575247,10043,157,2011,"Wikipedia (Census of India 2011)","https://en.wikipedia.org/wiki/List_of_districts_in_India"
325,11,"Kalahandi","Odisha","OD","Bhawanipatna",1573054,7920,199,2011,"Wikipedia (Census of India 2011)","https://en.wikipedia.org/wiki/List_of_districts_in_India"
326,64,"Hathras","Uttar Pradesh","UP","Hathras",1565678,1752,851,2011,"Wikipedia (Census of India 2011)","https://en.wikipedia.org/wiki/List_of_districts_in_India"
327,18,"Dewas","Madhya Pradesh","MP","Dewas",1563107,7020,223,2011,"Wikipedia (Census of India 2011)","https://en.wikipedia.org/wiki/List_of_districts_in_India"
328,65,"Bhadohi","Uttar Pradesh","UP","Gyanpur",1554203,960,1531,2011,"Wikipedia (Census of India 2011)","https://en.wikipedia.org/wiki/List_of_districts_in_India"
329,18,"Bharuch","Gujarat","GJ","Bharuch",1550822,6524,238,2011,"Wikipedia (Census of India 2011)","https://en.wikipedia.org/wiki/List_of_districts_in_India"
330,19,"Rajgarh","Madhya Pradesh","MP","Rajgarh",1546541,6143,251,2011,"Wikipedia (Census of India 2011)","https://en.wikipedia.org/wiki/List_of_districts_in_India"
331,22,"Chittorgarh","Rajasthan","RJ","Chittorgarh",1544392,10856,193,2011,"Wikipedia (Census of India 2011)","https://en.wikipedia.org/wiki/List_of_districts_in_India"
332,18,"Kolar","Karnataka","KA","Kolar",1540231,4012,384,2011,"Wikipedia (Census of India 2011)","https://en.wikipedia.org/wiki/List_of_districts_in_India"
333,5,"Rajnandgaon","Chhattisgarh","CG","Rajnandgaon",1537520,8062,191,2011,"Wikipedia (Census of India 2011)","https://en.wikipedia.org/wiki/List_of_districts_in_India"
334,5,"Nizamabad","Telangana","TG","Nizamabad",1534428,4153,366,2011,"Wikipedia (Census of India 2011)","https://en.wikipedia.org/wiki/List_of_districts_in_India"
335,6,"Sangareddy","Telangana","TG","Sangareddy",1527628,4464,347,2011,"Wikipedia (Census of India 2011)","https://en.wikipedia.org/wiki/List_of_districts_in_India"
336,1,"Jammu","Jammu and Kashmir","JK","Jammu",1526406,3097,596,2011,"Wikipedia (Census of India 2011)","https://en.wikipedia.org/wiki/List_of_districts_in_India"
337,6,"Kamrup","Assam","AS","Amingaon",1517202,3480,436,2011,"Wikipedia (Census of India 2011)","https://en.wikipedia.org/wiki/List_of_districts_in_India"
338,4,"Gurugram","Haryana","HR","Gurugram",1514085,1258,1241,2011,"Wikipedia (Census of India 2011)","https://en.wikipedia.org/wiki/List_of_districts_in_India"
339,19,"Amreli","Gujarat","GJ","Amreli",1513614,6760,205,2011,"Wikipedia (Census of India 2011)","https://en.wikipedia.org/wiki/List_of_districts_in_India"
340,20,"Shajapur","Madhya Pradesh","MP","Shajapur",1512353,6196,244,2011,"Wikipedia (Census of India 2011)","https://en.wikipedia.org/wiki/List_of_districts_in_India"
341,1,"Kangra","Himachal Pradesh","HP","Dharamshala",1507223,5739,263,2011,"Wikipedia (Census of India 2011)","https://en.wikipedia.org/wiki/List_of_districts_in_India"
342,12,"Bhadrak","Odisha","OD","Bhadrak",1506522,2505,601,2011,"Wikipedia (Census of India 2011)","https://en.wikipedia.org/wiki/List_of_districts_in_India"
343,5,"Karnal","Haryana","HR","Karnal",1506323,2471,598,2011,"Wikipedia (Census of India 2011)","https://en.wikipedia.org/wiki/List_of_districts_in_India"
344,25,"Dharmapuri","Tamil Nadu","TN","Dharmapuri",1502900,4532,332,2011,"Wikipedia (Census of India 2011)","https://en.wikipedia.org/wiki/List_of_districts_in_India"
345,21,"Alipurduar","West Bengal","WB","Alipurduar",1501983,3136,479,2011,"Wikipedia (Census of India 2011)","https://en.wikipedia.org/wiki/List_of_districts_in_India"
346,8,"West Singhbhum","Jharkhand","JH","Chaibasa",1501619,7224,209,2011,"Wikipedia (Census of India 2011)","https://en.wikipedia.org/wiki/List_of_districts_in_India"
347,7,"South East Delhi","Delhi","DL","Defence Colony",1500636,102,15000,2011,"Wikipedia (Census of India 2011)","https://en.wikipedia.org/wiki/List_of_districts_in_India"
348,6,"Raigarh","Chhattisgarh","CG","Raigarh",1493627,7068,211,2011,"Wikipedia (Census of India 2011)","https://en.wikipedia.org/wiki/List_of_districts_in_India"
349,9,"Deoghar","Jharkhand","JH","Deoghar",1491879,2479,602,2011,"Wikipedia (Census of India 2011)","https://en.wikipedia.org/wiki/List_of_districts_in_India"
350,6,"Sonipat","Haryana","HR","Sonipat",1480080,2260,697,2011,"Wikipedia (Census of India 2011)","https://en.wikipedia.org/wiki/List_of_districts_in_India"
351,13,"Bargarh","Odisha","OD","Bargarh",1478833,5837,253,2011,"Wikipedia (Census of India 2011)","https://en.wikipedia.org/wiki/List_of_districts_in_India"
352,23,"Karauli","Rajasthan","RJ","Karauli",1458459,5530,264,2011,"Wikipedia (Census of India 2011)","https://en.wikipedia.org/wiki/List_of_districts_in_India"
353,21,"Vidisha","Madhya Pradesh","MP","Vidisha",1458212,7362,198,2011,"Wikipedia (Census of India 2011)","https://en.wikipedia.org/wiki/List_of_districts_in_India"
354,22,"Ratlam","Madhya Pradesh","MP","Ratlam",1454483,4861,299,2011,"Wikipedia (Census of India 2011)","https://en.wikipedia.org/wiki/List_of_districts_in_India"
355,23,"Tikamgarh","Madhya Pradesh","MP","Tikamgarh",1444920,5055,286,2011,"Wikipedia (Census of India 2011)","https://en.wikipedia.org/wiki/List_of_districts_in_India"
356,14,"Kendrapara","Odisha","OD","Kendrapara",1439891,2644,545,2011,"Wikipedia (Census of India 2011)","https://en.wikipedia.org/wiki/List_of_districts_in_India"
357,66,"Kasganj","Uttar Pradesh","UP","Kasganj",1438156,1955,736,2011,"Wikipedia (Census of India 2011)","https://en.wikipedia.org/wiki/List_of_districts_in_India"
358,24,"Tonk","Rajasthan","RJ","Tonk",1421711,7194,198,2011,"Wikipedia (Census of India 2011)","https://en.wikipedia.org/wiki/List_of_districts_in_India"
359,25,"Jhalawar","Rajasthan","RJ","Jhalawar",1411327,6219,227,2011,"Wikipedia (Census of India 2011)","https://en.wikipedia.org/wiki/List_of_districts_in_India"
360,26,"Tenkasi","Tamil Nadu","TN","Tenkasi",1407627,2916,483,2011,"Wikipedia (Census of India 2011)","https://en.wikipedia.org/wiki/List_of_districts_in_India"
361,7,"Khammam","Telangana","TG","Khammam",1401639,4453,321,2011,"Wikipedia (Census of India 2011)","https://en.wikipedia.org/wiki/List_of_districts_in_India"
362,19,"Ballari","Karnataka","KA","Ballari",1400970,4252,330,2011,"Wikipedia (Census of India 2011)","https://en.wikipedia.org/wiki/List_of_districts_in_India"
363,20,"Koppal","Karnataka","KA","Koppal",1391292,5565,250,2011,"Wikipedia (Census of India 2011)","https://en.wikipedia.org/wiki/List_of_districts_in_India"
364,26,"Dungarpur","Rajasthan","RJ","Dungarpur",1388906,3771,368,2011,"Wikipedia (Census of India 2011)","https://en.wikipedia.org/wiki/List_of_districts_in_India"
365,9,"Bathinda","Punjab","PB","Bathinda",1388859,3355,414,2011,"Wikipedia (Census of India 2011)","https://en.wikipedia.org/wiki/List_of_districts_in_India"
366,20,"Gandhinagar","Gujarat","GJ","Gandhinagar",1387478,2163,660,2011,"Wikipedia (Census of India 2011)","https://en.wikipedia.org/wiki/List_of_districts_in_India"
367,24,"Barwani","Madhya Pradesh","MP","Barwani",1385659,5432,256,2011,"Wikipedia (Census of India 2011)","https://en.wikipedia.org/wiki/List_of_districts_in_India"
368,21,"Vav-Tharad","Gujarat","GJ","Tharad",1380870,6527,220,2011,"Wikipedia (Census of India 2011)","https://en.wikipedia.org/wiki/List_of_districts_in_India"
369,25,"Seoni","Madhya Pradesh","MP","Seoni",1378876,8758,157,2011,"Wikipedia (Census of India 2011)","https://en.wikipedia.org/wiki/List_of_districts_in_India"
370,15,"Koraput","Odisha","OD","Koraput",1376934,8807,156,2011,"Wikipedia (Census of India 2011)","https://en.wikipedia.org/wiki/List_of_districts_in_India"
371,67,"Auraiya","Uttar Pradesh","UP","Auraiya",1372287,2051,681,2011,"Wikipedia (Census of India 2011)","https://en.wikipedia.org/wiki/List_of_districts_in_India"
372,33,"Munger","Bihar","BR","Munger",1359054,1419,958,2011,"Wikipedia (Census of India 2011)","https://en.wikipedia.org/wiki/List_of_districts_in_India"
373,21,"Vijayanagara","Karnataka","KA","Hospete",1353628,5644,240,2011,"Wikipedia (Census of India 2011)","https://en.wikipedia.org/wiki/List_of_districts_in_India"
374,22,"Uttara Kannada","Karnataka","KA","Karwar",1353299,10291,132,2011,"Wikipedia (Census of India 2011)","https://en.wikipedia.org/wiki/List_of_districts_in_India"
375,22,"Patan","Gujarat","GJ","Patan",1342746,5738,234,2011,"Wikipedia (Census of India 2011)","https://en.wikipedia.org/wiki/List_of_districts_in_India"
376,27,"Sivaganga","Tamil Nadu","TN","Sivagangai",1341250,4086,324,2011,"Wikipedia (Census of India 2011)","https://en.wikipedia.org/wiki/List_of_districts_in_India"
377,26,"Mandsaur","Madhya Pradesh","MP","Mandsaur",1339832,5530,242,2011,"Wikipedia (Census of India 2011)","https://en.wikipedia.org/wiki/List_of_districts_in_India"
378,68,"Hapur","Uttar Pradesh","UP","Hapur",1338211,660,2028,2011,"Wikipedia (Census of India 2011)","https://en.wikipedia.org/wiki/List_of_districts_in_India"
379,27,"Sawai Madhopur","Rajasthan","RJ","Sawai Madhopur",1338114,4500,257,2011,"Wikipedia (Census of India 2011)","https://en.wikipedia.org/wiki/List_of_districts_in_India"
380,28,"Ramanathapuram","Tamil Nadu","TN","Ramanathapuram",1337560,4123,320,2011,"Wikipedia (Census of India 2011)","https://en.wikipedia.org/wiki/List_of_districts_in_India"
381,7,"Jind","Haryana","HR","Jind",1332042,2702,493,2011,"Wikipedia (Census of India 2011)","https://en.wikipedia.org/wiki/List_of_districts_in_India"
382,27,"Raisen","Madhya Pradesh","MP","Raisen",1331699,8466,157,2011,"Wikipedia (Census of India 2011)","https://en.wikipedia.org/wiki/List_of_districts_in_India"
383,23,"Navsari","Gujarat","GJ","Navsari",1330711,2211,602,2011,"Wikipedia (Census of India 2011)","https://en.wikipedia.org/wiki/List_of_districts_in_India"
384,7,"Dibrugarh","Assam","AS","Dibrugarh",1327748,3381,393,2011,"Wikipedia (Census of India 2011)","https://en.wikipedia.org/wiki/List_of_districts_in_India"
385,10,"Garhwa","Jharkhand","JH","Garhwa",1322387,4064,327,2011,"Wikipedia (Census of India 2011)","https://en.wikipedia.org/wiki/List_of_districts_in_India"
386,30,"Gondia","Maharashtra","MH","Gondia",1322331,5431,253,2011,"Wikipedia (Census of India 2011)","https://en.wikipedia.org/wiki/List_of_districts_in_India"
387,11,"Dumka","Jharkhand","JH","Dumka",1321096,4404,300,2011,"Wikipedia (Census of India 2011)","https://en.wikipedia.org/wiki/List_of_districts_in_India"
388,8,"Mahbubnagar","Telangana","TG","Mahbubnagar",1318110,4037,281,2011,"Wikipedia (Census of India 2011)","https://en.wikipedia.org/wiki/List_of_districts_in_India"
389,8,"Tinsukia","Assam","AS","Tinsukia",1316948,3790,347,2011,"Wikipedia (Census of India 2011)","https://en.wikipedia.org/wiki/List_of_districts_in_India"
390,12,"Godda","Jharkhand","JH","Godda",1311382,2110,622,2011,"Wikipedia (Census of India 2011)","https://en.wikipedia.org/wiki/List_of_districts_in_India"
391,28,"Sehore","Madhya Pradesh","MP","Sehore",1311008,6578,199,2011,"Wikipedia (Census of India 2011)","https://en.wikipedia.org/wiki/List_of_districts_in_India"
392,29,"Khandwa","Madhya Pradesh","MP","Khandwa",1309443,7349,178,2011,"Wikipedia (Census of India 2011)","https://en.wikipedia.org/wiki/List_of_districts_in_India"
393,7,"Baloda Bazar","Chhattisgarh","CG","Baloda Bazar",1305343,4748,275,2011,"Wikipedia (Census of India 2011)","https://en.wikipedia.org/wiki/List_of_districts_in_India"
394,9,"Bhadradri Kothagudem","Telangana","TG","Kothagudem",1304811,8951,143,2011,"Wikipedia (Census of India 2011)","https://en.wikipedia.org/wiki/List_of_districts_in_India"
395,11,"Kasaragod","Kerala","KL","Kasaragod",1302600,1989,654,2011,"Wikipedia (Census of India 2011)","https://en.wikipedia.org/wiki/List_of_districts_in_India"
396,69,"Bagpat","Uttar Pradesh","UP","Baghpat",1302156,1345,986,2011,"Wikipedia (Census of India 2011)","https://en.wikipedia.org/wiki/List_of_districts_in_India"
397,31,"Wardha","Maharashtra","MH","Wardha",1296157,6309,205,2011,"Wikipedia (Census of India 2011)","https://en.wikipedia.org/wiki/List_of_districts_in_India"
398,8,"Sirsa","Haryana","HR","Sirsa",1295114,4276,303,2011,"Wikipedia (Census of India 2011)","https://en.wikipedia.org/wiki/List_of_districts_in_India"
399,30,"Katni","Madhya Pradesh","MP","Katni",1291684,4947,261,2011,"Wikipedia (Census of India 2011)","https://en.wikipedia.org/wiki/List_of_districts_in_India"
400,70,"Shamli","Uttar Pradesh","UP","Shamli",1274815,1063,1200,2011,"Wikipedia (Census of India 2011)","https://en.wikipedia.org/wiki/List_of_districts_in_India"
401,16,"Angul","Odisha","OD","Angul",1271703,6232,199,2011,"Wikipedia (Census of India 2011)","https://en.wikipedia.org/wiki/List_of_districts_in_India"
402,2,"Srinagar","Jammu and Kashmir","JK","Srinagar",1269751,2228,703,2011,"Wikipedia (Census of India 2011)","https://en.wikipedia.org/wiki/List_of_districts_in_India"
403,29,"Tiruvarur","Tamil Nadu","TN","Thiruvarur",1268094,2377,533,2011,"Wikipedia (Census of India 2011)","https://en.wikipedia.org/wiki/List_of_districts_in_India"
404,31,"Damoh","Madhya Pradesh","MP","Damoh",1263703,7306,173,2011,"Wikipedia (Census of India 2011)","https://en.wikipedia.org/wiki/List_of_districts_in_India"
405,9,"Kamrup Metropolitan","Assam","AS","Guwahati",1260419,627,2010,2011,"Wikipedia (Census of India 2011)","https://en.wikipedia.org/wiki/List_of_districts_in_India"
406,23,"Chikkaballapur","Karnataka","KA","Chikkaballapur",1254377,4208,298,2011,"Wikipedia (Census of India 2011)","https://en.wikipedia.org/wiki/List_of_districts_in_India"
407,30,"Theni","Tamil Nadu","TN","Theni",1243684,3066,433,2011,"Wikipedia (Census of India 2011)","https://en.wikipedia.org/wiki/List_of_districts_in_India"
408,32,"Hoshangabad","Madhya Pradesh","MP","Hoshangabad",1240975,6698,185,2011,"Wikipedia (Census of India 2011)","https://en.wikipedia.org/wiki/List_of_districts_in_India"
409,33,"Guna","Madhya Pradesh","MP","Guna",1240938,6485,194,2011,"Wikipedia (Census of India 2011)","https://en.wikipedia.org/wiki/List_of_districts_in_India"
410,28,"Baran","Rajasthan","RJ","Baran",1223921,6955,175,2011,"Wikipedia (Census of India 2011)","https://en.wikipedia.org/wiki/List_of_districts_in_India"
411,17,"Nabarangpur","Odisha","OD","Nabarangpur",1218762,5294,230,2011,"Wikipedia (Census of India 2011)","https://en.wikipedia.org/wiki/List_of_districts_in_India"
412,71,"Lalitpur","Uttar Pradesh","UP","Lalitpur",1218002,5039,242,2011,"Wikipedia (Census of India 2011)","https://en.wikipedia.org/wiki/List_of_districts_in_India"
413,24,"Gir Somnath","Gujarat","GJ","Veraval",1217477,3754,324,2011,"Wikipedia (Census of India 2011)","https://en.wikipedia.org/wiki/List_of_districts_in_India"
414,10,"Karimganj","Assam","AS","Karimganj",1217002,1809,673,2011,"Wikipedia (Census of India 2011)","https://en.wikipedia.org/wiki/List_of_districts_in_India"
415,9,"Yamunanagar","Haryana","HR","Yamunanagar",1214162,1756,687,2011,"Wikipedia (Census of India 2011)","https://en.wikipedia.org/wiki/List_of_districts_in_India"
416,31,"Ranipet","Tamil Nadu","TN","Ranipettai",1210277,2234,524,2011,"Wikipedia (Census of India 2011)","https://en.wikipedia.org/wiki/List_of_districts_in_India"
417,29,"Dholpur","Rajasthan","RJ","Dholpur",1207293,3084,398,2011,"Wikipedia (Census of India 2011)","https://en.wikipedia.org/wiki/List_of_districts_in_India"
418,8,"Korba","Chhattisgarh","CG","Korba",1206563,6615,183,2011,"Wikipedia (Census of India 2011)","https://en.wikipedia.org/wiki/List_of_districts_in_India"
419,10,"Panipat","Haryana","HR","Panipat",1202811,1250,949,2011,"Wikipedia (Census of India 2011)","https://en.wikipedia.org/wiki/List_of_districts_in_India"
420,32,"Bhandara","Maharashtra","MH","Bhandara",1198810,3890,293,2011,"Wikipedia (Census of India 2011)","https://en.wikipedia.org/wiki/List_of_districts_in_India"
421,33,"Washim","Maharashtra","MH","Washim",1196714,5155,244,2011,"Wikipedia (Census of India 2011)","https://en.wikipedia.org/wiki/List_of_districts_in_India"
422,12,"Pathanamthitta","Kerala","KL","Pathanamthitta",1195537,2652,453,2011,"Wikipedia (Census of India 2011)","https://en.wikipedia.org/wiki/List_of_districts_in_India"
423,18,"Dhenkanal","Odisha","OD","Dhenkanal",1192948,4452,268,2011,"Wikipedia (Census of India 2011)","https://en.wikipedia.org/wiki/List_of_districts_in_India"
424,10,"Fazilka","Punjab","PB","Fazilka",1180483,3113,379,2011,"Wikipedia (Census of India 2011)","https://en.wikipedia.org/wiki/List_of_districts_in_India"
425,34,"Hingoli","Maharashtra","MH","Hingoli",1178973,4526,244,2011,"Wikipedia (Census of India 2011)","https://en.wikipedia.org/wiki/List_of_districts_in_India"
426,34,"Singrauli","Madhya Pradesh","MP","Waidhan",1178132,5672,208,2011,"Wikipedia (Census of India 2011)","https://en.wikipedia.org/wiki/List_of_districts_in_India"
427,24,"Udupi","Karnataka","KA","Udupi",1177908,3879,304,2011,"Wikipedia (Census of India 2011)","https://en.wikipedia.org/wiki/List_of_districts_in_India"
428,25,"Yadgir","Karnataka","KA","Yadgir",1172985,5225,224,2011,"Wikipedia (Census of India 2011)","https://en.wikipedia.org/wiki/List_of_districts_in_India"
429,32,"Kanchipuram","Tamil Nadu","TN","Kanchipuram",1166401,1656,704,2011,"Wikipedia (Census of India 2011)","https://en.wikipedia.org/wiki/List_of_districts_in_India"
430,30,"Rajsamand","Rajasthan","RJ","Rajsamand",1158283,3853,302,2011,"Wikipedia (Census of India 2011)","https://en.wikipedia.org/wiki/List_of_districts_in_India"
431,11,"Sivasagar","Assam","AS","Sibsagar",1150253,2668,431,2011,"Wikipedia (Census of India 2011)","https://en.wikipedia.org/wiki/List_of_districts_in_India"
432,13,"Sahibganj","Jharkhand","JH","Sahebganj",1150038,2063,558,2011,"Wikipedia (Census of India 2011)","https://en.wikipedia.org/wiki/List_of_districts_in_India"
433,25,"Markapuram","Andhra Pradesh","AP","Markapuram",1142313,10035,113,2011,"Wikipedia (Census of India 2011)","https://en.wikipedia.org/wiki/List_of_districts_in_India"
434,26,"Chikmagalur","Karnataka","KA","Chikmagalur",1137753,7201,158,2011,"Wikipedia (Census of India 2011)","https://en.wikipedia.org/wiki/List_of_districts_in_India"
435,11,"Ambala","Haryana","HR","Ambala",1136784,1569,722,2011,"Wikipedia (Census of India 2011)","https://en.wikipedia.org/wiki/List_of_districts_in_India"
436,19,"Jagatsinghpur","Odisha","OD","Jagatsinghpur",1136604,1759,681,2011,"Wikipedia (Census of India 2011)","https://en.wikipedia.org/wiki/List_of_districts_in_India"
437,22,"Jhargram","West Bengal","WB","Jhargram",1136548,3038,374,2011,"Wikipedia (Census of India 2011)","https://en.wikipedia.org/wiki/List_of_districts_in_India"
438,10,"Hanamkonda","Telangana","TG","Hanamkonda",1135707,1304,826,2011,"Wikipedia (Census of India 2011)","https://en.wikipedia.org/wiki/List_of_districts_in_India"
439,35,"Sidhi","Madhya Pradesh","MP","Sidhi",1126515,10520,232,2011,"Wikipedia (Census of India 2011)","https://en.wikipedia.org/wiki/List_of_districts_in_India"
440,34,"Jehanabad","Bihar","BR","Jehanabad",1124176,1569,1206,2011,"Wikipedia (Census of India 2011)","https://en.wikipedia.org/wiki/List_of_districts_in_India"
441,11,"Tarn Taran","Punjab","PB","Tarn Taran Sahib",1120070,2414,464,2011,"Wikipedia (Census of India 2011)","https://en.wikipedia.org/wiki/List_of_districts_in_India"
442,72,"Shravasti","Uttar Pradesh","UP","Shravasti",1114615,1948,572,2011,"Wikipedia (Census of India 2011)","https://en.wikipedia.org/wiki/List_of_districts_in_India"
443,31,"Bundi","Rajasthan","RJ","Bundi",1113725,5550,193,2011,"Wikipedia (Census of India 2011)","https://en.wikipedia.org/wiki/List_of_districts_in_India"
444,33,"Tirupattur","Tamil Nadu","TN","Tirupattur",1111812,1798,618,2011,"Wikipedia (Census of India 2011)","https://en.wikipedia.org/wiki/List_of_districts_in_India"
445,13,"Idukki","Kerala","KL","Painavu",1107453,4356,254,2011,"Wikipedia (Census of India 2011)","https://en.wikipedia.org/wiki/List_of_districts_in_India"
446,73,"Hamirpur","Uttar Pradesh","UP","Hamirpur",1104021,4325,268,2011,"Wikipedia (Census of India 2011)","https://en.wikipedia.org/wiki/List_of_districts_in_India"
447,11,"Suryapet","Telangana","TG","Suryapet",1099560,3374,305,2011,"Wikipedia (Census of India 2011)","https://en.wikipedia.org/wiki/List_of_districts_in_India"
448,36,"Narsinghpur","Madhya Pradesh","MP","Narsinghpur",1092141,5133,213,2011,"Wikipedia (Census of India 2011)","https://en.wikipedia.org/wiki/List_of_districts_in_India"
449,12,"Jorhat","Assam","AS","Jorhat",1091295,2851,383,2011,"Wikipedia (Census of India 2011)","https://en.wikipedia.org/wiki/List_of_districts_in_India"
450,12,"Nuh","Haryana","HR","Nuh",1089406,1765,729,2011,"Wikipedia (Census of India 2011)","https://en.wikipedia.org/wiki/List_of_districts_in_India"
451,27,"Bengaluru South","Karnataka","KA","Bengaluru South",1082739,3573,303,2011,"Wikipedia (Census of India 2011)","https://en.wikipedia.org/wiki/List_of_districts_in_India"
452,34,"Karur","Tamil Nadu","TN","Karur",1076588,2901,371,2011,"Wikipedia (Census of India 2011)","https://en.wikipedia.org/wiki/List_of_districts_in_India"
453,13,"Kaithal","Haryana","HR","Kaithal",1072861,2317,467,2011,"Wikipedia (Census of India 2011)","https://en.wikipedia.org/wiki/List_of_districts_in_India"
454,32,"Deeg","Rajasthan","RJ","Deeg",1072755,2169,495,2011,"Wikipedia (Census of India 2011)","https://en.wikipedia.org/wiki/List_of_districts_in_India"
455,25,"Chhota Udaipur","Gujarat","GJ","Chhota Udaipur",1071831,3237,331,2011,"Wikipedia (Census of India 2011)","https://en.wikipedia.org/wiki/List_of_districts_in_India"
456,35,"Gadchiroli","Maharashtra","MH","Gadchiroli",1071795,14412,74,2011,"Wikipedia (Census of India 2011)","https://en.wikipedia.org/wiki/List_of_districts_in_India"
457,3,"Anantnag","Jammu and Kashmir","JK","Anantnag",1070144,2853,375,2011,"Wikipedia (Census of India 2011)","https://en.wikipedia.org/wiki/List_of_districts_in_India"
458,28,"Gadaga","Karnataka","KA","Gadag-Betageri",1065235,4651,229,2011,"Wikipedia (Census of India 2011)","https://en.wikipedia.org/wiki/List_of_districts_in_India"
459,37,"Shahdol","Madhya Pradesh","MP","Shahdol",1064989,6205,172,2011,"Wikipedia (Census of India 2011)","https://en.wikipedia.org/wiki/List_of_districts_in_India"
460,14,"Seraikela-Kharsawan","Jharkhand","JH","Seraikela",1063458,2657,401,2011,"Wikipedia (Census of India 2011)","https://en.wikipedia.org/wiki/List_of_districts_in_India"
461,14,"Rohtak","Haryana","HR","Rohtak",1058683,1668,607,2011,"Wikipedia (Census of India 2011)","https://en.wikipedia.org/wiki/List_of_districts_in_India"
462,13,"Golaghat","Assam","AS","Golaghat",1058674,3502,302,2011,"Wikipedia (Census of India 2011)","https://en.wikipedia.org/wiki/List_of_districts_in_India"
463,1,"Chandigarh","Chandigarh","CH","Chandigarh",1055450,114,9258,2011,"Wikipedia (Census of India 2011)","https://en.wikipedia.org/wiki/List_of_districts_in_India"
464,38,"Mandla","Madhya Pradesh","MP","Mandla",1053522,5805,182,2011,"Wikipedia (Census of India 2011)","https://en.wikipedia.org/wiki/List_of_districts_in_India"
465,26,"Aravalli","Gujarat","GJ","Modasa",1051746,3217,327,2011,"Wikipedia (Census of India 2011)","https://en.wikipedia.org/wiki/List_of_districts_in_India"
466,20,"Sambalpur","Odisha","OD","Sambalpur",1044410,6702,158,2011,"Wikipedia (Census of India 2011)","https://en.wikipedia.org/wiki/List_of_districts_in_India"
467,15,"Chatra","Jharkhand","JH","Chatra",1042304,3700,275,2011,"Wikipedia (Census of India 2011)","https://en.wikipedia.org/wiki/List_of_districts_in_India"
468,14,"Lakhimpur","Assam","AS","North Lakhimpur",1040644,2277,457,2011,"Wikipedia (Census of India 2011)","https://en.wikipedia.org/wiki/List_of_districts_in_India"
469,15,"Palwal","Haryana","HR","Palwal",1040493,1367,761,2011,"Wikipedia (Census of India 2011)","https://en.wikipedia.org/wiki/List_of_districts_in_India"
470,33,"Sirohi","Rajasthan","RJ","Sirohi",1037185,5136,202,2011,"Wikipedia (Census of India 2011)","https://en.wikipedia.org/wiki/List_of_districts_in_India"
471,9,"Mahasamund","Chhattisgarh","CG","Mahasamund",1032275,4779,216,2011,"Wikipedia (Census of India 2011)","https://en.wikipedia.org/wiki/List_of_districts_in_India"
472,16,"Gumla","Jharkhand","JH","Gumla",1025656,5360,191,2011,"Wikipedia (Census of India 2011)","https://en.wikipedia.org/wiki/List_of_districts_in_India"
473,39,"Jhabua","Madhya Pradesh","MP","Jhabua",1024091,6782,285,2011,"Wikipedia (Census of India 2011)","https://en.wikipedia.org/wiki/List_of_districts_in_India"
474,29,"Chamarajanagar","Karnataka","KA","Chamarajanagar",1020962,5102,200,2011,"Wikipedia (Census of India 2011)","https://en.wikipedia.org/wiki/List_of_districts_in_India"
475,12,"Karimnagar","Telangana","TG","Karimnagar",1016063,2379,473,2011,"Wikipedia (Census of India 2011)","https://en.wikipedia.org/wiki/List_of_districts_in_India"
476,40,"Panna","Madhya Pradesh","MP","Panna",1016028,7135,142,2011,"Wikipedia (Census of India 2011)","https://en.wikipedia.org/wiki/List_of_districts_in_India"
477,4,"Baramulla","Jammu and Kashmir","JK","Baramulla",1015503,3329,305,2011,"Wikipedia (Census of India 2011)","https://en.wikipedia.org/wiki/List_of_districts_in_India"
478,15,"Goalpara","Assam","AS","Goalpara",1008959,1824,553,2011,"Wikipedia (Census of India 2011)","https://en.wikipedia.org/wiki/List_of_districts_in_India"
479,35,"Lakhisarai","Bihar","BR","Lakhisarai",1000717,1229,815,2011,"Wikipedia (Census of India 2011)","https://en.wikipedia.org/wiki/List_of_districts_in_India"
480,2,"Mandi","Himachal Pradesh","HP","Mandi",999518,3950,253,2011,"Wikipedia (Census of India 2011)","https://en.wikipedia.org/wiki/List_of_districts_in_India"
481,27,"Mahisagar","Gujarat","GJ","Lunavada",994624,2500,440,2011,"Wikipedia (Census of India 2011)","https://en.wikipedia.org/wiki/List_of_districts_in_India"
482,13,"Siddipet","Telangana","TG","Siddipet",993376,3425,279,2011,"Wikipedia (Census of India 2011)","https://en.wikipedia.org/wiki/List_of_districts_in_India"
483,12,"Moga","Punjab","PB","Moga",992289,2235,444,2011,"Wikipedia (Census of India 2011)","https://en.wikipedia.org/wiki/List_of_districts_in_India"
484,74,"Chitrakoot","Uttar Pradesh","UP","Karwi",990626,3202,315,2011,"Wikipedia (Census of India 2011)","https://en.wikipedia.org/wiki/List_of_districts_in_India"
485,30,"Bangalore Rural","Karnataka","KA","Bangalore",987257,2239,441,2011,"Wikipedia (Census of India 2011)","https://en.wikipedia.org/wiki/List_of_districts_in_India"
486,13,"Sahibzada Ajit Singh Nagar","Punjab","PB","Sahibzada Ajit Singh Nagar",986147,1188,830,2011,"Wikipedia (Census of India 2011)","https://en.wikipedia.org/wiki/List_of_districts_in_India"
487,14,"Jagtial","Telangana","TG","Jagtial",983414,3043,407,2011,"Wikipedia (Census of India 2011)","https://en.wikipedia.org/wiki/List_of_districts_in_India"
488,15,"Kamareddy","Telangana","TG","Kamareddy",972625,3651,266,2011,"Wikipedia (Census of India 2011)","https://en.wikipedia.org/wiki/List_of_districts_in_India"
489,34,"Balotra","Rajasthan","RJ","Balotra",970760,19000,51,2011,"Wikipedia (Census of India 2011)","https://en.wikipedia.org/wiki/List_of_districts_in_India"
490,35,"Khairthal-Tijara","Rajasthan","RJ","Khairthal",966821,2007,482,2011,"Wikipedia (Census of India 2011)","https://en.wikipedia.org/wiki/List_of_districts_in_India"
491,16,"Karbi Anglong","Assam","AS","Diphu",965280,10434,93,2011,"Wikipedia (Census of India 2011)","https://en.wikipedia.org/wiki/List_of_districts_in_India"
492,16,"Kurukshetra","Haryana","HR","Kurukshetra",964231,1530,630,2011,"Wikipedia (Census of India 2011)","https://en.wikipedia.org/wiki/List_of_districts_in_India"
493,21,"Nayagarh","Odisha","OD","Nayagarh",962215,3890,247,2011,"Wikipedia (Census of India 2011)","https://en.wikipedia.org/wiki/List_of_districts_in_India"
494,22,"Rayagada","Odisha","OD","Rayagada",961959,7584,136,2011,"Wikipedia (Census of India 2011)","https://en.wikipedia.org/wiki/List_of_districts_in_India"
495,28,"Morbi","Gujarat","GJ","Morbi",960329,4871,197,2011,"Wikipedia (Census of India 2011)","https://en.wikipedia.org/wiki/List_of_districts_in_India"
496,36,"Kotputli-Behror","Rajasthan","RJ","Kotputli",960000,0,0,2011,"Wikipedia (Census of India 2011)","https://en.wikipedia.org/wiki/List_of_districts_in_India"
497,17,"Morigaon","Assam","AS","Marigaon",957853,1704,562,2011,"Wikipedia (Census of India 2011)","https://en.wikipedia.org/wiki/List_of_districts_in_India"
498,17,"Jhajjar","Haryana","HR","Jhajjar",956907,1868,522,2011,"Wikipedia (Census of India 2011)","https://en.wikipedia.org/wiki/List_of_districts_in_India"
499,4,"Nainital","Uttarakhand","UK","Nainital",955128,3853,225,2011,"Wikipedia (Census of India 2011)","https://en.wikipedia.org/wiki/List_of_districts_in_India"
500,26,"Alluri Sitharama Raju","Andhra Pradesh","AP","Paderu",954000,12251,77,2011,"Wikipedia (Census of India 2011)","https://en.wikipedia.org/wiki/List_of_districts_in_India"
501,27,"Polavaram","Andhra Pradesh","AP","Rampachodavaram",954000,12253,77,2011,"Wikipedia (Census of India 2011)","https://en.wikipedia.org/wiki/List_of_districts_in_India"
502,18,"Baksa","Assam","AS","Mushalpur",953773,2008,475,2011,"Wikipedia (Census of India 2011)","https://en.wikipedia.org/wiki/List_of_districts_in_India"
503,1,"Puducherry","Puducherry","PY","Pondicherry",950289,293,3232,2011,"Wikipedia (Census of India 2011)","https://en.wikipedia.org/wiki/List_of_districts_in_India"
504,17,"Ramgarh","Jharkhand","JH","Ramgarh",949159,1341,708,2011,"Wikipedia (Census of India 2011)","https://en.wikipedia.org/wiki/List_of_districts_in_India"
505,18,"Fatehabad","Haryana","HR","Fatehabad",941522,2538,371,2011,"Wikipedia (Census of India 2011)","https://en.wikipedia.org/wiki/List_of_districts_in_India"
506,19,"Hojai","Assam","AS","Sankardev Nagar",931218,1686,550,2011,"Wikipedia (Census of India 2011)","https://en.wikipedia.org/wiki/List_of_districts_in_India"
507,28,"Parvathipuram Manyam","Andhra Pradesh","AP","Parvathipuram",925300,3659,252,2011,"Wikipedia (Census of India 2011)","https://en.wikipedia.org/wiki/List_of_districts_in_India"
508,19,"Mahendragarh","Haryana","HR","Narnaul",921680,1900,485,2011,"Wikipedia (Census of India 2011)","https://en.wikipedia.org/wiki/List_of_districts_in_India"
509,35,"Mayiladuthurai","Tamil Nadu","TN","Mayiladuthurai",918356,1172,784,2011,"Wikipedia (Census of India 2011)","https://en.wikipedia.org/wiki/List_of_districts_in_India"
510,1,"West Tripura","Tripura","TR","Agartala",917534,942,973,2011,"Wikipedia (Census of India 2011)","https://en.wikipedia.org/wiki/List_of_districts_in_India"
511,20,"Darrang","Assam","AS","Mangaldoi",908090,1849,491,2011,"Wikipedia (Census of India 2011)","https://en.wikipedia.org/wiki/List_of_districts_in_India"
512,14,"Sri Muktsar Sahib","Punjab","PB","Sri Muktsar Sahib",902702,2596,348,2011,"Wikipedia (Census of India 2011)","https://en.wikipedia.org/wiki/List_of_districts_in_India"
513,18,"Pakur","Jharkhand","JH","Pakur",899200,1805,498,2011,"Wikipedia (Census of India 2011)","https://en.wikipedia.org/wiki/List_of_districts_in_India"
514,20,"Rewari","Haryana","HR","Rewari",896129,1559,562,2011,"Wikipedia (Census of India 2011)","https://en.wikipedia.org/wiki/List_of_districts_in_India"
515,16,"Nagarkurnool","Telangana","TG","Nagarkurnool",893308,6545,124,2011,"Wikipedia (Census of India 2011)","https://en.wikipedia.org/wiki/List_of_districts_in_India"
516,8,"North Delhi","Delhi","DL","Sadar Bazaar",887978,59,14557,2011,"Wikipedia (Census of India 2011)","https://en.wikipedia.org/wiki/List_of_districts_in_India"
517,21,"Kokrajhar","Assam","AS","Kokrajhar",886999,3129,283,2011,"Wikipedia (Census of India 2011)","https://en.wikipedia.org/wiki/List_of_districts_in_India"
518,17,"Vikarabad","Telangana","TG","Vikarabad",881250,3385,274,2011,"Wikipedia (Census of India 2011)","https://en.wikipedia.org/wiki/List_of_districts_in_India"
519,75,"Mahoba","Uttar Pradesh","UP","Mahoba",876055,2847,288,2011,"Wikipedia (Census of India 2011)","https://en.wikipedia.org/wiki/List_of_districts_in_India"
520,5,"Kupwara","Jammu and Kashmir","JK","Kupwara",875564,2379,368,2011,"Wikipedia (Census of India 2011)","https://en.wikipedia.org/wiki/List_of_districts_in_India"
521,37,"Pratapgarh","Rajasthan","RJ","Pratapgarh",867848,4112,211,2011,"Wikipedia (Census of India 2011)","https://en.wikipedia.org/wiki/List_of_districts_in_India"
522,41,"Maihar","Madhya Pradesh","MP","Maihar",856028,2723,314,2011,"Wikipedia (Census of India 2011)","https://en.wikipedia.org/wiki/List_of_districts_in_India"
523,10,"Jashpur","Chhattisgarh","CG","Jashpur Nagar",852043,5825,146,2011,"Wikipedia (Census of India 2011)","https://en.wikipedia.org/wiki/List_of_districts_in_India"
524,38,"Beawar","Rajasthan","RJ","Beawar",852000,0,0,2011,"Wikipedia (Census of India 2011)","https://en.wikipedia.org/wiki/List_of_districts_in_India"
525,36,"Sindhudurg","Maharashtra","MH","Oros",848868,5207,163,2011,"Wikipedia (Census of India 2011)","https://en.wikipedia.org/wiki/List_of_districts_in_India"
526,42,"Ashoknagar","Madhya Pradesh","MP","Ashoknagar",844979,4674,181,2011,"Wikipedia (Census of India 2011)","https://en.wikipedia.org/wiki/List_of_districts_in_India"
527,11,"Surguja","Chhattisgarh","CG","Ambikapur",839661,3265,150,2011,"Wikipedia (Census of India 2011)","https://en.wikipedia.org/wiki/List_of_districts_in_India"
528,12,"Bastar","Chhattisgarh","CG","Jagdalpur",834873,4030,210,2011,"Wikipedia (Census of India 2011)","https://en.wikipedia.org/wiki/List_of_districts_in_India"
529,22,"Udalguri","Assam","AS","Udalguri",832769,1676,497,2011,"Wikipedia (Census of India 2011)","https://en.wikipedia.org/wiki/List_of_districts_in_India"
530,13,"Balod","Chhattisgarh","CG","Balod",826165,3527,234,2011,"Wikipedia (Census of India 2011)","https://en.wikipedia.org/wiki/List_of_districts_in_India"
531,43,"Neemuch","Madhya Pradesh","MP","Neemuch",825958,4267,194,2011,"Wikipedia (Census of India 2011)","https://en.wikipedia.org/wiki/List_of_districts_in_India"
532,1,"East Khasi Hills","Meghalaya","ML","Shillong",824059,2752,292,2011,"Wikipedia (Census of India 2011)","https://en.wikipedia.org/wiki/List_of_districts_in_India"
533,1,"North Goa","Goa","GA","Panaji",817761,1736,471,2011,"Wikipedia (Census of India 2011)","https://en.wikipedia.org/wiki/List_of_districts_in_India"
534,15,"Kapurthala","Punjab","PB","Kapurthala",817668,1646,501,2011,"Wikipedia (Census of India 2011)","https://en.wikipedia.org/wiki/List_of_districts_in_India"
535,14,"Wayanad","Kerala","KL","Kalpetta",816558,2130,383,2011,"Wikipedia (Census of India 2011)","https://en.wikipedia.org/wiki/List_of_districts_in_India"
536,3,"Shimla","Himachal Pradesh","HP","Shimla",813384,5131,159,2011,"Wikipedia (Census of India 2011)","https://en.wikipedia.org/wiki/List_of_districts_in_India"
537,18,"Mancherial","Telangana","TG","Mancherial",807037,4056,201,2011,"Wikipedia (Census of India 2011)","https://en.wikipedia.org/wiki/List_of_districts_in_India"
538,29,"Tapi","Gujarat","GJ","Vyara",806489,3435,249,2011,"Wikipedia (Census of India 2011)","https://en.wikipedia.org/wiki/List_of_districts_in_India"
539,14,"Dhamtari","Chhattisgarh","CG","Dhamtari",799199,2029,394,2011,"Wikipedia (Census of India 2011)","https://en.wikipedia.org/wiki/List_of_districts_in_India"
540,15,"Bemetara","Chhattisgarh","CG","Bemetara",795759,2855,270,2011,"Wikipedia (Census of India 2011)","https://en.wikipedia.org/wiki/List_of_districts_in_India"
541,19,"Peddapalli","Telangana","TG","Peddapalli",795332,4614,356,2011,"Wikipedia (Census of India 2011)","https://en.wikipedia.org/wiki/List_of_districts_in_India"
542,19,"Jamtara","Jharkhand","JH","Jamtara",790207,1802,439,2011,"Wikipedia (Census of India 2011)","https://en.wikipedia.org/wiki/List_of_districts_in_India"
543,16,"Surajpur","Chhattisgarh","CG","Surajpur",789043,2787,280,2011,"Wikipedia (Census of India 2011)","https://en.wikipedia.org/wiki/List_of_districts_in_India"
544,44,"Datia","Madhya Pradesh","MP","Datia",786375,2694,292,2011,"Wikipedia (Census of India 2011)","https://en.wikipedia.org/wiki/List_of_districts_in_India"
545,20,"Mahabubabad","Telangana","TG","Mahabubabad",770170,2876,269,2011,"Wikipedia (Census of India 2011)","https://en.wikipedia.org/wiki/List_of_districts_in_India"
546,23,"Nalbari","Assam","AS","Nalbari",769919,1009,763,2011,"Wikipedia (Census of India 2011)","https://en.wikipedia.org/wiki/List_of_districts_in_India"
547,16,"Mansa","Punjab","PB","Mansa",768808,2174,350,2011,"Wikipedia (Census of India 2011)","https://en.wikipedia.org/wiki/List_of_districts_in_India"
548,21,"Medak","Telangana","TG","Medak",767428,2740,275,2011,"Wikipedia (Census of India 2011)","https://en.wikipedia.org/wiki/List_of_districts_in_India"
549,45,"Burhanpur","Madhya Pradesh","MP","Burhanpur",756993,3427,221,2011,"Wikipedia (Census of India 2011)","https://en.wikipedia.org/wiki/List_of_districts_in_India"
550,30,"Devbhumi Dwarka","Gujarat","GJ","Khambhalia",752484,5684,132,2011,"Wikipedia (Census of India 2011)","https://en.wikipedia.org/wiki/List_of_districts_in_India"
551,36,"Ariyalur","Tamil Nadu","TN","Ariyalur",752481,3208,387,2011,"Wikipedia (Census of India 2011)","https://en.wikipedia.org/wiki/List_of_districts_in_India"
552,22,"Wanaparthy","Telangana","TG","Wanaparthy",751553,2938,268,2011,"Wikipedia (Census of India 2011)","https://en.wikipedia.org/wiki/List_of_districts_in_India"
553,39,"Phalodi","Rajasthan","RJ","Phalodi",750000,0,0,2011,"Wikipedia (Census of India 2011)","https://en.wikipedia.org/wiki/List_of_districts_in_India"
554,46,"Anuppur","Madhya Pradesh","MP","Anuppur",749521,3747,200,2011,"Wikipedia (Census of India 2011)","https://en.wikipedia.org/wiki/List_of_districts_in_India"
555,17,"Kanker","Chhattisgarh","CG","Kanker",748593,6513,115,2011,"Wikipedia (Census of India 2011)","https://en.wikipedia.org/wiki/List_of_districts_in_India"
556,6,"Budgam","Jammu and Kashmir","JK","Budgam",735753,1406,537,2011,"Wikipedia (Census of India 2011)","https://en.wikipedia.org/wiki/List_of_districts_in_India"
557,37,"Nilgiris","Tamil Nadu","TN","Ooty",735071,2549,288,2011,"Wikipedia (Census of India 2011)","https://en.wikipedia.org/wiki/List_of_districts_in_India"
558,24,"Bongaigaon","Assam","AS","Bongaigaon",732639,1724,425,2011,"Wikipedia (Census of India 2011)","https://en.wikipedia.org/wiki/List_of_districts_in_India"
559,23,"Kandhamal","Odisha","OD","Phulbani",731952,8021,91,2011,"Wikipedia (Census of India 2011)","https://en.wikipedia.org/wiki/List_of_districts_in_India"
560,18,"Balrampur-Ramanujganj","Chhattisgarh","CG","Balrampur",730491,3806,190,2011,"Wikipedia (Census of India 2011)","https://en.wikipedia.org/wiki/List_of_districts_in_India"
561,47,"Alirajpur","Madhya Pradesh","MP","Alirajpur",728677,3182,229,2011,"Wikipedia (Census of India 2011)","https://en.wikipedia.org/wiki/List_of_districts_in_India"
562,23,"Yadadri Bhuvanagiri","Telangana","TG","Bhongir",726465,3091,239,2011,"Wikipedia (Census of India 2011)","https://en.wikipedia.org/wiki/List_of_districts_in_India"
563,20,"Latehar","Jharkhand","JH","Latehar",725673,3630,200,2011,"Wikipedia (Census of India 2011)","https://en.wikipedia.org/wiki/List_of_districts_in_India"
564,24,"Warangal","Telangana","TG","Warangal",716457,2175,330,2011,"Wikipedia (Census of India 2011)","https://en.wikipedia.org/wiki/List_of_districts_in_India"
565,21,"Koderma","Jharkhand","JH","Koderma",716259,2540,282,2011,"Wikipedia (Census of India 2011)","https://en.wikipedia.org/wiki/List_of_districts_in_India"
566,25,"Jayashankar Bhupalpally","Telangana","TG","Bhupalpally",712257,6361,115,2011,"Wikipedia (Census of India 2011)","https://en.wikipedia.org/wiki/List_of_districts_in_India"
567,26,"Nirmal","Telangana","TG","Nirmal",709415,3562,185,2011,"Wikipedia (Census of India 2011)","https://en.wikipedia.org/wiki/List_of_districts_in_India"
568,27,"Adilabad","Telangana","TG","Adilabad",708952,4185,171,2011,"Wikipedia (Census of India 2011)","https://en.wikipedia.org/wiki/List_of_districts_in_India"
569,48,"Dindori","Madhya Pradesh","MP","Dindori",704218,7427,94,2011,"Wikipedia (Census of India 2011)","https://en.wikipedia.org/wiki/List_of_districts_in_India"
570,19,"Mungeli","Chhattisgarh","CG","Mungeli",701707,2750,255,2011,"Wikipedia (Census of India 2011)","https://en.wikipedia.org/wiki/List_of_districts_in_India"
571,36,"Arwal","Bihar","BR","Arwal",700843,638,1098,2011,"Wikipedia (Census of India 2011)","https://en.wikipedia.org/wiki/List_of_districts_in_India"
572,25,"Dhemaji","Assam","AS","Dhemaji",688077,3237,213,2011,"Wikipedia (Census of India 2011)","https://en.wikipedia.org/wiki/List_of_districts_in_India"
573,49,"Sheopur","Madhya Pradesh","MP","Sheopur",687952,6585,104,2011,"Wikipedia (Census of India 2011)","https://en.wikipedia.org/wiki/List_of_districts_in_India"
574,5,"Pauri Garhwal","Uttarakhand","UK","Pauri",686527,5438,129,2011,"Wikipedia (Census of India 2011)","https://en.wikipedia.org/wiki/List_of_districts_in_India"
575,17,"Rupnagar","Punjab","PB","Rupnagar",683349,1400,488,2011,"Wikipedia (Census of India 2011)","https://en.wikipedia.org/wiki/List_of_districts_in_India"
576,40,"Jaisalmer","Rajasthan","RJ","Jaisalmer",672008,38401,17,2011,"Wikipedia (Census of India 2011)","https://en.wikipedia.org/wiki/List_of_districts_in_India"
577,28,"Jogulamba Gadwal","Telangana","TG","Gadwal",664971,2928,208,2011,"Wikipedia (Census of India 2011)","https://en.wikipedia.org/wiki/List_of_districts_in_India"
578,26,"Hailakandi","Assam","AS","Hailakandi",659260,1327,497,2011,"Wikipedia (Census of India 2011)","https://en.wikipedia.org/wiki/List_of_districts_in_India"
579,20,"Korea","Chhattisgarh","CG","Baikunthpur",659039,6578,100,2011,"Wikipedia (Census of India 2011)","https://en.wikipedia.org/wiki/List_of_districts_in_India"
580,37,"Sheohar","Bihar","BR","Sheohar",656916,443,1882,2011,"Wikipedia (Census of India 2011)","https://en.wikipedia.org/wiki/List_of_districts_in_India"
581,31,"Botad","Gujarat","GJ","Botad",656005,2564,256,2011,"Wikipedia (Census of India 2011)","https://en.wikipedia.org/wiki/List_of_districts_in_India"
582,21,"Sakti","Chhattisgarh","CG","Sakti",653036,1601,408,2011,"Wikipedia (Census of India 2011)","https://en.wikipedia.org/wiki/List_of_districts_in_India"
583,24,"Subarnapur","Odisha","OD","Subarnapur",652107,2284,279,2011,"Wikipedia (Census of India 2011)","https://en.wikipedia.org/wiki/List_of_districts_in_India"
584,50,"Umaria","Madhya Pradesh","MP","Umaria",643579,4062,158,2011,"Wikipedia (Census of India 2011)","https://en.wikipedia.org/wiki/List_of_districts_in_India"
585,2,"West Garo Hills","Meghalaya","ML","Tura",642923,3714,173,2011,"Wikipedia (Census of India 2011)","https://en.wikipedia.org/wiki/List_of_districts_in_India"
586,2,"South Goa","Goa","GA","Margao",639962,1966,326,2011,"Wikipedia (Census of India 2011)","https://en.wikipedia.org/wiki/List_of_districts_in_India"
587,38,"Sheikhpura","Bihar","BR","Sheikhpura",634927,689,922,2011,"Wikipedia (Census of India 2011)","https://en.wikipedia.org/wiki/List_of_districts_in_India"
588,18,"Pathankot","Punjab","PB","Pathankot",626154,929,674,2011,"Wikipedia (Census of India 2011)","https://en.wikipedia.org/wiki/List_of_districts_in_India"
589,6,"Almora","Uttarakhand","UK","Almora",621927,3090,198,2011,"Wikipedia (Census of India 2011)","https://en.wikipedia.org/wiki/List_of_districts_in_India"
590,7,"Rajouri","Jammu and Kashmir","JK","Rajouri",619266,2630,235,2011,"Wikipedia (Census of India 2011)","https://en.wikipedia.org/wiki/List_of_districts_in_India"
591,19,"Faridkot","Punjab","PB","Faridkot",618008,1472,424,2011,"Wikipedia (Census of India 2011)","https://en.wikipedia.org/wiki/List_of_districts_in_India"
592,51,"Mauganj","Madhya Pradesh","MP","Mauganj",616645,1867,330,2011,"Wikipedia (Census of India 2011)","https://en.wikipedia.org/wiki/List_of_districts_in_India"
593,7,"Tehri Garhwal","Uttarakhand","UK","New Tehri",616409,4085,169,2011,"Wikipedia (Census of India 2011)","https://en.wikipedia.org/wiki/List_of_districts_in_India"
594,8,"Kathua","Jammu and Kashmir","JK","Kathua",615711,2651,232,2011,"Wikipedia (Census of India 2011)","https://en.wikipedia.org/wiki/List_of_districts_in_India"
595,20,"Shahid Bhagat Singh Nagar","Punjab","PB","Nawanshahr",614362,1283,479,2011,"Wikipedia (Census of India 2011)","https://en.wikipedia.org/wiki/List_of_districts_in_India"
596,25,"Malkangiri","Odisha","OD","Malkangiri",612727,5791,106,2011,"Wikipedia (Census of India 2011)","https://en.wikipedia.org/wiki/List_of_districts_in_India"
597,27,"Biswanath","Assam","AS","Biswanath Chariali",612491,1415,430,2011,"Wikipedia (Census of India 2011)","https://en.wikipedia.org/wiki/List_of_districts_in_India"
598,22,"Sarangarh-Bilaigarh","Chhattisgarh","CG","Sarangarh",607434,1650,368,2011,"Wikipedia (Census of India 2011)","https://en.wikipedia.org/wiki/List_of_districts_in_India"
599,26,"Nuapada","Odisha","OD","Nuapada",606490,3408,157,2011,"Wikipedia (Census of India 2011)","https://en.wikipedia.org/wiki/List_of_districts_in_India"
600,21,"Fatehgarh Sahib","Punjab","PB","Fatehgarh Sahib",599814,1180,508,2011,"Wikipedia (Census of India 2011)","https://en.wikipedia.org/wiki/List_of_districts_in_India"
601,22,"Simdega","Jharkhand","JH","Simdega",599813,3750,160,2011,"Wikipedia (Census of India 2011)","https://en.wikipedia.org/wiki/List_of_districts_in_India"
602,23,"Gariaband","Chhattisgarh","CG","Gariaband",597653,5823,103,2011,"Wikipedia (Census of India 2011)","https://en.wikipedia.org/wiki/List_of_districts_in_India"
603,22,"Barnala","Punjab","PB","Barnala",596294,1423,419,2011,"Wikipedia (Census of India 2011)","https://en.wikipedia.org/wiki/List_of_districts_in_India"
604,32,"Narmada","Gujarat","GJ","Rajpipla",590379,2749,214,2011,"Wikipedia (Census of India 2011)","https://en.wikipedia.org/wiki/List_of_districts_in_India"
605,33,"Porbandar","Gujarat","GJ","Porbandar",586062,2294,255,2011,"Wikipedia (Census of India 2011)","https://en.wikipedia.org/wiki/List_of_districts_in_India"
606,24,"Kabirdham","Chhattisgarh","CG","Kawardha",584667,4237,195,2011,"Wikipedia (Census of India 2011)","https://en.wikipedia.org/wiki/List_of_districts_in_India"
607,29,"Jangaon","Telangana","TG","Jangaon",582457,2187,259,2011,"Wikipedia (Census of India 2011)","https://en.wikipedia.org/wiki/List_of_districts_in_India"
608,9,"Central Delhi","Delhi","DL","Daryaganj",582320,25,27730,2011,"Wikipedia (Census of India 2011)","https://en.wikipedia.org/wiki/List_of_districts_in_India"
609,27,"Jharsuguda","Odisha","OD","Jharsuguda",579499,2081,274,2011,"Wikipedia (Census of India 2011)","https://en.wikipedia.org/wiki/List_of_districts_in_India"
610,25,"Kondagaon","Chhattisgarh","CG","Kondagaon",578326,7768,74,2011,"Wikipedia (Census of India 2011)","https://en.wikipedia.org/wiki/List_of_districts_in_India"
611,4,"Solan","Himachal Pradesh","HP","Solan",576670,1936,298,2011,"Wikipedia (Census of India 2011)","https://en.wikipedia.org/wiki/List_of_districts_in_India"
612,28,"Gajapati","Odisha","OD","Paralakhemundi",575880,3850,133,2011,"Wikipedia (Census of India 2011)","https://en.wikipedia.org/wiki/List_of_districts_in_India"
613,52,"Agar Malwa","Madhya Pradesh","MP","Agar",571275,2785,205,2011,"Wikipedia (Census of India 2011)","https://en.wikipedia.org/wiki/List_of_districts_in_India"
614,41,"Salumbar","Rajasthan","RJ","Salumbar",570775,0,0,2011,"Wikipedia (Census of India 2011)","https://en.wikipedia.org/wiki/List_of_districts_in_India"
615,53,"Harda","Madhya Pradesh","MP","Harda",570302,3339,171,2011,"Wikipedia (Census of India 2011)","https://en.wikipedia.org/wiki/List_of_districts_in_India"
616,9,"Pulwama","Jammu and Kashmir","JK","Pulwama",570060,1398,598,2011,"Wikipedia (Census of India 2011)","https://en.wikipedia.org/wiki/List_of_districts_in_India"
617,30,"Narayanpet","Telangana","TG","Narayanpet",566874,2336,243,2011,"Wikipedia (Census of India 2011)","https://en.wikipedia.org/wiki/List_of_districts_in_India"
618,38,"Perambalur","Tamil Nadu","TN","Perambalur",564511,1752,323,2011,"Wikipedia (Census of India 2011)","https://en.wikipedia.org/wiki/List_of_districts_in_India"
619,21,"Panchkula","Haryana","HR","Panchkula",558890,816,622,2011,"Wikipedia (Census of India 2011)","https://en.wikipedia.org/wiki/List_of_districts_in_India"
620,10,"Udhampur","Jammu and Kashmir","JK","Udhampur",555357,4550,211,2011,"Wikipedia (Census of India 2011)","https://en.wikipedia.org/wiki/List_of_districts_in_India"
621,28,"South Salmara-Mankachar","Assam","AS","Hatsingimari",555114,568,980,2011,"Wikipedia (Census of India 2011)","https://en.wikipedia.org/wiki/List_of_districts_in_India"
622,31,"Kodagu","Karnataka","KA","Madikeri",554762,4102,135,2011,"Wikipedia (Census of India 2011)","https://en.wikipedia.org/wiki/List_of_districts_in_India"
623,31,"Rajanna Sircilla","Telangana","TG","Sircilla",546121,2030,273,2011,"Wikipedia (Census of India 2011)","https://en.wikipedia.org/wiki/List_of_districts_in_India"
624,22,"Hansi","Haryana","HR","Hansi",540994,1350,401,2011,"Wikipedia (Census of India 2011)","https://en.wikipedia.org/wiki/List_of_districts_in_India"
625,26,"Dantewada","Chhattisgarh","CG","Dantewada",533638,3411,59,2011,"Wikipedia (Census of India 2011)","https://en.wikipedia.org/wiki/List_of_districts_in_India"
626,23,"Khunti","Jharkhand","JH","Khunti",530299,2535,210,2011,"Wikipedia (Census of India 2011)","https://en.wikipedia.org/wiki/List_of_districts_in_India"
627,5,"Sirmaur","Himachal Pradesh","HP","Nahan",530164,2825,188,2011,"Wikipedia (Census of India 2011)","https://en.wikipedia.org/wiki/List_of_districts_in_India"
628,6,"Una","Himachal Pradesh","HP","Una",521057,1540,328,2011,"Wikipedia (Census of India 2011)","https://en.wikipedia.org/wiki/List_of_districts_in_India"
629,7,"Chamba","Himachal Pradesh","HP","Chamba",518844,6528,80,2011,"Wikipedia (Census of India 2011)","https://en.wikipedia.org/wiki/List_of_districts_in_India"
630,32,"Kumuram Bheem Asifabad","Telangana","TG","Asifabad",515835,4300,106,2011,"Wikipedia (Census of India 2011)","https://en.wikipedia.org/wiki/List_of_districts_in_India"
631,1,"Imphal West","Manipur","MN","Lamphelpat",514683,519,847,2011,"Wikipedia (Census of India 2011)","https://en.wikipedia.org/wiki/List_of_districts_in_India"
632,23,"Charkhi Dadri","Haryana","HR","Charkhi Dadri",502276,1370,367,2011,"Wikipedia (Census of India 2011)","https://en.wikipedia.org/wiki/List_of_districts_in_India"
633,8,"Pithoragarh","Uttarakhand","UK","Pithoragarh",485993,7110,69,2011,"Wikipedia (Census of India 2011)","https://en.wikipedia.org/wiki/List_of_districts_in_India"
634,2,"Sepahijala","Tripura","TR","Bishramganj",484233,1044,463,2011,"Wikipedia (Census of India 2011)","https://en.wikipedia.org/wiki/List_of_districts_in_India"
635,29,"Chirang","Assam","AS","Kajalgaon",481818,1975,244,2011,"Wikipedia (Census of India 2011)","https://en.wikipedia.org/wiki/List_of_districts_in_India"
636,11,"Poonch","Jammu and Kashmir","JK","Poonch",476820,1674,285,2011,"Wikipedia (Census of India 2011)","https://en.wikipedia.org/wiki/List_of_districts_in_India"
637,30,"Charaideo","Assam","AS","Sonari",471418,1069,440,2011,"Wikipedia (Census of India 2011)","https://en.wikipedia.org/wiki/List_of_districts_in_India"
638,24,"Lohardaga","Jharkhand","JH","Lohardaga",461738,1502,307,2011,"Wikipedia (Census of India 2011)","https://en.wikipedia.org/wiki/List_of_districts_in_India"
639,8,"Hamirpur","Himachal Pradesh","HP","Hamirpur",454293,1118,406,2011,"Wikipedia (Census of India 2011)","https://en.wikipedia.org/wiki/List_of_districts_in_India"
640,2,"Imphal East","Manipur","MN","Porompat",452661,497,555,2011,"Wikipedia (Census of India 2011)","https://en.wikipedia.org/wiki/List_of_districts_in_India"
641,29,"Boudh","Odisha","OD","Boudh",439917,3098,142,2011,"Wikipedia (Census of India 2011)","https://en.wikipedia.org/wiki/List_of_districts_in_India"
642,9,"Kullu","Himachal Pradesh","HP","Kullu",437474,5503,79,2011,"Wikipedia (Census of India 2011)","https://en.wikipedia.org/wiki/List_of_districts_in_India"
643,3,"Gomati","Tripura","TR","Udaipur",436868,1522,287,2011,"Wikipedia (Census of India 2011)","https://en.wikipedia.org/wiki/List_of_districts_in_India"
644,4,"South Tripura","Tripura","TR","Belonia",433737,1534,283,2011,"Wikipedia (Census of India 2011)","https://en.wikipedia.org/wiki/List_of_districts_in_India"
645,23,"Malerkotla","Punjab","PB","Malerkotla",429754,684,629,2011,"Wikipedia (Census of India 2011)","https://en.wikipedia.org/wiki/List_of_districts_in_India"
646,12,"Kulgam","Jammu and Kashmir","JK","Kulgam",422786,457,925,2011,"Wikipedia (Census of India 2011)","https://en.wikipedia.org/wiki/List_of_districts_in_India"
647,3,"Thoubal","Manipur","MN","Thoubal",420517,324,713,2011,"Wikipedia (Census of India 2011)","https://en.wikipedia.org/wiki/List_of_districts_in_India"
648,5,"North Tripura","Tripura","TR","Dharmanagar",415946,1444,288,2011,"Wikipedia (Census of India 2011)","https://en.wikipedia.org/wiki/List_of_districts_in_India"
649,1,"Tuensang","Nagaland","NL","Tuensang",414801,4228,98,2011,"Wikipedia (Census of India 2011)","https://en.wikipedia.org/wiki/List_of_districts_in_India"
650,13,"Doda","Jammu and Kashmir","JK","Doda",409576,2625,79,2011,"Wikipedia (Census of India 2011)","https://en.wikipedia.org/wiki/List_of_districts_in_India"
651,54,"Niwari","Madhya Pradesh","MP","Niwari",404807,1170,345,2011,"Wikipedia (Census of India 2011)","https://en.wikipedia.org/wiki/List_of_districts_in_India"
652,1,"Aizawl","Mizoram","MZ","Aizawl",404054,3577,113,2011,"Wikipedia (Census of India 2011)","https://en.wikipedia.org/wiki/List_of_districts_in_India"
653,9,"Chamoli","Uttarakhand","UK","Gopeshwar",391114,7692,49,2011,"Wikipedia (Census of India 2011)","https://en.wikipedia.org/wiki/List_of_districts_in_India"
654,31,"Tamulpur","Assam","AS","Tamulpur",389150,884,440,2011,"Wikipedia (Census of India 2011)","https://en.wikipedia.org/wiki/List_of_districts_in_India"
655,3,"West Khasi Hills","Meghalaya","ML","Nongstoin",385601,5247,73,2011,"Wikipedia (Census of India 2011)","https://en.wikipedia.org/wiki/List_of_districts_in_India"
656,14,"Bandipore","Jammu and Kashmir","JK","Bandipore",385099,3010,128,2011,"Wikipedia (Census of India 2011)","https://en.wikipedia.org/wiki/List_of_districts_in_India"
657,10,"Bilaspur","Himachal Pradesh","HP","Bilaspur",382056,1167,327,2011,"Wikipedia (Census of India 2011)","https://en.wikipedia.org/wiki/List_of_districts_in_India"
658,27,"Manendragarh-Chirmiri-Bharatpur","Chhattisgarh","CG","Manendragarh",381287,4227,90,2011,"Wikipedia (Census of India 2011)","https://en.wikipedia.org/wiki/List_of_districts_in_India"
659,2,"Dimapur","Nagaland","NL","Dimapur",379769,926,410,2011,"Wikipedia (Census of India 2011)","https://en.wikipedia.org/wiki/List_of_districts_in_India"
660,6,"Dhalai","Tripura","TR","Ambassa",377988,2400,157,2011,"Wikipedia (Census of India 2011)","https://en.wikipedia.org/wiki/List_of_districts_in_India"
661,55,"Pandhurna","Madhya Pradesh","MP","Pandhurna",374310,1522,246,2011,"Wikipedia (Census of India 2011)","https://en.wikipedia.org/wiki/List_of_districts_in_India"
662,28,"Khairagarh-Chhuikhadan-Gandai","Chhattisgarh","CG","Khairagarh",368444,1554,237,2011,"Wikipedia (Census of India 2011)","https://en.wikipedia.org/wiki/List_of_districts_in_India"
663,4,"Senapati","Manipur","MN","Senapati",354772,1573,116,2011,"Wikipedia (Census of India 2011)","https://en.wikipedia.org/wiki/List_of_districts_in_India"
664,1,"Dadra and Nagar Haveli","Dadra and Nagar Haveli and Daman and Diu","DD","Silvassa",343709,491,700,2011,"Wikipedia (Census of India 2011)","https://en.wikipedia.org/wiki/List_of_districts_in_India"
665,29,"Gaurela-Pendra-Marwahi","Chhattisgarh","CG","Gaurela",336420,2307,150,2011,"Wikipedia (Census of India 2011)","https://en.wikipedia.org/wiki/List_of_districts_in_India"
666,10,"Uttarkashi","Uttarakhand","UK","Uttarkashi",329686,7951,41,2011,"Wikipedia (Census of India 2011)","https://en.wikipedia.org/wiki/List_of_districts_in_India"
667,7,"Khowai","Tripura","TR","Khowai",327391,1005,326,2011,"Wikipedia (Census of India 2011)","https://en.wikipedia.org/wiki/List_of_districts_in_India"
668,10,"Shahdara","Delhi","DL","Nand Nagri",322931,60,59703,2011,"Wikipedia (Census of India 2011)","https://en.wikipedia.org/wiki/List_of_districts_in_India"
669,15,"Samba","Jammu and Kashmir","JK","Samba",318611,913,318,2011,"Wikipedia (Census of India 2011)","https://en.wikipedia.org/wiki/List_of_districts_in_India"
670,4,"East Garo Hills","Meghalaya","ML","Williamnagar",317618,2603,121,2011,"Wikipedia (Census of India 2011)","https://en.wikipedia.org/wiki/List_of_districts_in_India"
671,16,"Reasi","Jammu and Kashmir","JK","Reasi",314714,1710,184,2011,"Wikipedia (Census of India 2011)","https://en.wikipedia.org/wiki/List_of_districts_in_India"
672,30,"Debagarh","Odisha","OD","Debagarh",312164,2781,106,2011,"Wikipedia (Census of India 2011)","https://en.wikipedia.org/wiki/List_of_districts_in_India"
673,32,"West Karbi Anglong","Assam","AS","Hamren",300320,3035,99,2011,"Wikipedia (Census of India 2011)","https://en.wikipedia.org/wiki/List_of_districts_in_India"
674,17,"Ganderbal","Jammu and Kashmir","JK","Ganderbal",297003,1979,151,2011,"Wikipedia (Census of India 2011)","https://en.wikipedia.org/wiki/List_of_districts_in_India"
675,33,"Mulugu","Telangana","TG","Mulugu",294671,3881,124,2011,"Wikipedia (Census of India 2011)","https://en.wikipedia.org/wiki/List_of_districts_in_India"
676,30,"Mohla-Manpur-Ambagarh Chowki","Chhattisgarh","CG","Mohla",283947,2145,132,2011,"Wikipedia (Census of India 2011)","https://en.wikipedia.org/wiki/List_of_districts_in_India"
677,18,"Ramban","Jammu and Kashmir","JK","Ramban",283313,1330,213,2011,"Wikipedia (Census of India 2011)","https://en.wikipedia.org/wiki/List_of_districts_in_India"
678,1,"Gangtok","Sikkim","SK","Gangtok",281293,954,295,2011,"Wikipedia (Census of India 2011)","https://en.wikipedia.org/wiki/List_of_districts_in_India"
679,8,"Unakoti","Tripura","TR","Kailashahar",277335,591,469,2011,"Wikipedia (Census of India 2011)","https://en.wikipedia.org/wiki/List_of_districts_in_India"
680,5,"Churachandpur","Manipur","MN","Churachandpur",271274,2392,50,2011,"Wikipedia (Census of India 2011)","https://en.wikipedia.org/wiki/List_of_districts_in_India"
681,5,"West Jaintia Hills","Meghalaya","ML","Jowai",270352,1693,160,2011,"Wikipedia (Census of India 2011)","https://en.wikipedia.org/wiki/List_of_districts_in_India"
682,3,"Kohima","Nagaland","NL","Kohima",270063,1041,213,2011,"Wikipedia (Census of India 2011)","https://en.wikipedia.org/wiki/List_of_districts_in_India"
683,19,"Shopian","Jammu and Kashmir","JK","Shopian",265960,312,852,2011,"Wikipedia (Census of India 2011)","https://en.wikipedia.org/wiki/List_of_districts_in_India"
684,11,"Bageshwar","Uttarakhand","UK","Bageshwar",259840,2310,116,2011,"Wikipedia (Census of India 2011)","https://en.wikipedia.org/wiki/List_of_districts_in_India"
685,4,"Mon","Nagaland","NL","Mon",259604,1786,145,2011,"Wikipedia (Census of India 2011)","https://en.wikipedia.org/wiki/List_of_districts_in_India"
686,12,"Champawat","Uttarakhand","UK","Champawat",259315,1781,147,2011,"Wikipedia (Census of India 2011)","https://en.wikipedia.org/wiki/List_of_districts_in_India"
687,6,"Ri Bhoi","Meghalaya","ML","Nongpoh",258380,2378,109,2011,"Wikipedia (Census of India 2011)","https://en.wikipedia.org/wiki/List_of_districts_in_India"
688,33,"Bajali","Assam","AS","Pathsala",253816,418,610,2011,"Wikipedia (Census of India 2011)","https://en.wikipedia.org/wiki/List_of_districts_in_India"
689,23,"Kalimpong","West Bengal","WB","Kalimpong",251642,1054,239,2011,"Wikipedia (Census of India 2011)","https://en.wikipedia.org/wiki/List_of_districts_in_India"
690,31,"Sukma","Chhattisgarh","CG","Sukma",250159,5897,42,2011,"Wikipedia (Census of India 2011)","https://en.wikipedia.org/wiki/List_of_districts_in_India"
691,6,"Bishnupur","Manipur","MN","Bishnupur",240363,496,415,2011,"Wikipedia (Census of India 2011)","https://en.wikipedia.org/wiki/List_of_districts_in_India"
692,1,"South Andaman","Andaman and Nicobar Islands","AN","Port Blair",238142,2672,89,2011,"Wikipedia (Census of India 2011)","https://en.wikipedia.org/wiki/List_of_districts_in_India"
693,13,"Rudraprayag","Uttarakhand","UK","Rudraprayag",236857,1896,119,2011,"Wikipedia (Census of India 2011)","https://en.wikipedia.org/wiki/List_of_districts_in_India"
694,20,"Kishtwar","Jammu and Kashmir","JK","Kishtwar",230696,7737,30,2011,"Wikipedia (Census of India 2011)","https://en.wikipedia.org/wiki/List_of_districts_in_India"
695,32,"Bijapur","Chhattisgarh","CG","Bijapur",229832,6562,35,2011,"Wikipedia (Census of India 2011)","https://en.wikipedia.org/wiki/List_of_districts_in_India"
696,34,"Dang","Gujarat","GJ","Ahwa",226769,1764,129,2011,"Wikipedia (Census of India 2011)","https://en.wikipedia.org/wiki/List_of_districts_in_India"
697,3,"Kushavati","Goa","GA","Quepem",220000,1962,112,2011,"Wikipedia (Census of India 2011)","https://en.wikipedia.org/wiki/List_of_districts_in_India"
698,34,"Dima Hasao","Assam","AS","Haflong",213529,4888,44,2011,"Wikipedia (Census of India 2011)","https://en.wikipedia.org/wiki/List_of_districts_in_India"
699,2,"Karaikal","Puducherry","PY","Karaikal",200222,157,1275,2011,"Wikipedia (Census of India 2011)","https://en.wikipedia.org/wiki/List_of_districts_in_India"
700,7,"Kangpokpi","Manipur","MN","Kangpokpi",193744,1698,110,2011,"Wikipedia (Census of India 2011)","https://en.wikipedia.org/wiki/List_of_districts_in_India"
701,5,"Mokokchung","Nagaland","NL","Mokokchung",193171,1615,120,2011,"Wikipedia (Census of India 2011)","https://en.wikipedia.org/wiki/List_of_districts_in_India"
702,2,"Daman","Dadra and Nagar Haveli and Daman and Diu","DD","Daman",191173,72,2651,2011,"Wikipedia (Census of India 2011)","https://en.wikipedia.org/wiki/List_of_districts_in_India"
703,8,"Ukhrul","Manipur","MN","Ukhrul",183115,2206,31,2011,"Wikipedia (Census of India 2011)","https://en.wikipedia.org/wiki/List_of_districts_in_India"
704,1,"Papum Pare","Arunachal Pradesh","AR","Yupia",176385,2875,61,2011,"Wikipedia (Census of India 2011)","https://en.wikipedia.org/wiki/List_of_districts_in_India"
705,7,"South West Garo Hills","Meghalaya","ML","Ampati",172495,822,210,2011,"Wikipedia (Census of India 2011)","https://en.wikipedia.org/wiki/List_of_districts_in_India"
706,35,"Majuli","Assam","AS","Garamur",167304,880,300,2011,"Wikipedia (Census of India 2011)","https://en.wikipedia.org/wiki/List_of_districts_in_India"
707,6,"Wokha","Nagaland","NL","Wokha",166239,1628,120,2011,"Wikipedia (Census of India 2011)","https://en.wikipedia.org/wiki/List_of_districts_in_India"
708,7,"Peren","Nagaland","NL","Peren",163294,2300,55,2011,"Wikipedia (Census of India 2011)","https://en.wikipedia.org/wiki/List_of_districts_in_India"
709,8,"Phek","Nagaland","NL","Phek",163294,2026,81,2011,"Wikipedia (Census of India 2011)","https://en.wikipedia.org/wiki/List_of_districts_in_India"
710,2,"Lunglei","Mizoram","MZ","Lunglei",154094,4572,34,2011,"Wikipedia (Census of India 2011)","https://en.wikipedia.org/wiki/List_of_districts_in_India"
711,2,"Changlang","Arunachal Pradesh","AR","Changlang",147951,4662,32,2011,"Wikipedia (Census of India 2011)","https://en.wikipedia.org/wiki/List_of_districts_in_India"
712,2,"Namchi","Sikkim","SK","Namchi",146742,750,196,2011,"Wikipedia (Census of India 2011)","https://en.wikipedia.org/wiki/List_of_districts_in_India"
713,3,"Lohit","Arunachal Pradesh","AR","Tezu",145538,2402,61,2011,"Wikipedia (Census of India 2011)","https://en.wikipedia.org/wiki/List_of_districts_in_India"
714,9,"Chandel","Manipur","MN","Chandel",144028,2100,37,2011,"Wikipedia (Census of India 2011)","https://en.wikipedia.org/wiki/List_of_districts_in_India"
715,1,"Kargil","Ladakh","LA","Kargil",143388,14036,10,2011,"Wikipedia (Census of India 2011)","https://en.wikipedia.org/wiki/List_of_districts_in_India"
716,8,"South Garo Hills","Meghalaya","ML","Baghmara",142574,1850,77,2011,"Wikipedia (Census of India 2011)","https://en.wikipedia.org/wiki/List_of_districts_in_India"
717,11,"New Delhi","Delhi","DL","Connaught Place",142004,22,4057,2011,"Wikipedia (Census of India 2011)","https://en.wikipedia.org/wiki/List_of_districts_in_India"
718,9,"Zunheboto","Nagaland","NL","Zunheboto",141014,1255,112,2011,"Wikipedia (Census of India 2011)","https://en.wikipedia.org/wiki/List_of_districts_in_India"
719,33,"Narayanpur","Chhattisgarh","CG","Narayanpur",140206,6640,20,2011,"Wikipedia (Census of India 2011)","https://en.wikipedia.org/wiki/List_of_districts_in_India"
720,10,"Tamenglong","Manipur","MN","Tamenglong",140143,3315,25,2011,"Wikipedia (Census of India 2011)","https://en.wikipedia.org/wiki/List_of_districts_in_India"
721,3,"Gyalshing","Sikkim","SK","Gyalshing",136299,1166,117,2011,"Wikipedia (Census of India 2011)","https://en.wikipedia.org/wiki/List_of_districts_in_India"
722,11,"Kakching","Manipur","MN","Kakching",135481,190,710,2011,"Wikipedia (Census of India 2011)","https://en.wikipedia.org/wiki/List_of_districts_in_India"
723,2,"Leh","Ladakh","LA","Leh",133487,45110,3,2011,"Wikipedia (Census of India 2011)","https://en.wikipedia.org/wiki/List_of_districts_in_India"
724,9,"Eastern West Khasi Hills","Meghalaya","ML","Mairang",131451,1356,97,2011,"Wikipedia (Census of India 2011)","https://en.wikipedia.org/wiki/List_of_districts_in_India"
725,10,"Chümoukedima","Nagaland","NL","Chümoukedima",125400,570,220,2011,"Wikipedia (Census of India 2011)","https://en.wikipedia.org/wiki/List_of_districts_in_India"
726,3,"Champhai","Mizoram","MZ","Champhai",125370,3168,39,2011,"Wikipedia (Census of India 2011)","https://en.wikipedia.org/wiki/List_of_districts_in_India"
727,10,"East Jaintia Hills","Meghalaya","ML","Khliehriat",122436,2115,58,2011,"Wikipedia (Census of India 2011)","https://en.wikipedia.org/wiki/List_of_districts_in_India"
728,11,"North Garo Hills","Meghalaya","ML","Resubelpara",118325,1113,106,2011,"Wikipedia (Census of India 2011)","https://en.wikipedia.org/wiki/List_of_districts_in_India"
729,4,"Lawngtlai","Mizoram","MZ","Lawngtlai",117444,2519,46,2011,"Wikipedia (Census of India 2011)","https://en.wikipedia.org/wiki/List_of_districts_in_India"
730,4,"West Siang","Arunachal Pradesh","AR","Aalo",112272,8325,13,2011,"Wikipedia (Census of India 2011)","https://en.wikipedia.org/wiki/List_of_districts_in_India"
731,5,"Tirap","Arunachal Pradesh","AR","Khonsa",111997,2362,47,2011,"Wikipedia (Census of India 2011)","https://en.wikipedia.org/wiki/List_of_districts_in_India"
732,12,"South West Khasi Hills","Meghalaya","ML","Mawkyrwat",110152,1341,82,2011,"Wikipedia (Census of India 2011)","https://en.wikipedia.org/wiki/List_of_districts_in_India"
733,2,"North and Middle Andaman","Andaman and Nicobar Islands","AN","Mayabunder",105597,3736,28,2011,"Wikipedia (Census of India 2011)","https://en.wikipedia.org/wiki/List_of_districts_in_India"
734,6,"East Siang","Arunachal Pradesh","AR","Pasighat",99019,3603,27,2011,"Wikipedia (Census of India 2011)","https://en.wikipedia.org/wiki/List_of_districts_in_India"
735,7,"Namsai","Arunachal Pradesh","AR","Namsai",95950,1587,60,2011,"Wikipedia (Census of India 2011)","https://en.wikipedia.org/wiki/List_of_districts_in_India"
736,8,"Kurung Kumey","Arunachal Pradesh","AR","Koloriang",89717,6040,15,2011,"Wikipedia (Census of India 2011)","https://en.wikipedia.org/wiki/List_of_districts_in_India"
737,9,"West Kameng","Arunachal Pradesh","AR","Bomdila",87013,7422,12,2011,"Wikipedia (Census of India 2011)","https://en.wikipedia.org/wiki/List_of_districts_in_India"
738,5,"Mamit","Mizoram","MZ","Mamit",85757,2967,28,2011,"Wikipedia (Census of India 2011)","https://en.wikipedia.org/wiki/List_of_districts_in_India"
739,11,"Kinnaur","Himachal Pradesh","HP","Reckong Peo",84298,6401,13,2011,"Wikipedia (Census of India 2011)","https://en.wikipedia.org/wiki/List_of_districts_in_India"
740,10,"Upper Subansiri","Arunachal Pradesh","AR","Daporijo",83205,7032,12,2011,"Wikipedia (Census of India 2011)","https://en.wikipedia.org/wiki/List_of_districts_in_India"
741,6,"Kolasib","Mizoram","MZ","Kolasib",83054,1386,60,2011,"Wikipedia (Census of India 2011)","https://en.wikipedia.org/wiki/List_of_districts_in_India"
742,11,"Lower Subansiri","Arunachal Pradesh","AR","Ziro",82839,3508,24,2011,"Wikipedia (Census of India 2011)","https://en.wikipedia.org/wiki/List_of_districts_in_India"
743,12,"East Kameng","Arunachal Pradesh","AR","Seppa",78413,4134,19,2011,"Wikipedia (Census of India 2011)","https://en.wikipedia.org/wiki/List_of_districts_in_India"
744,4,"Pakyong","Sikkim","SK","Pakyong",74583,404,180,2011,"Wikipedia (Census of India 2011)","https://en.wikipedia.org/wiki/List_of_districts_in_India"
745,11,"Kiphire","Nagaland","NL","Kiphire",74033,1255,66,2011,"Wikipedia (Census of India 2011)","https://en.wikipedia.org/wiki/List_of_districts_in_India"
746,7,"Serchhip","Mizoram","MZ","Serchhip",64875,1424,46,2011,"Wikipedia (Census of India 2011)","https://en.wikipedia.org/wiki/List_of_districts_in_India"
747,5,"Soreng","Sikkim","SK","Soreng",64760,293,221,2011,"Wikipedia (Census of India 2011)","https://en.wikipedia.org/wiki/List_of_districts_in_India"
748,1,"Lakshadweep","Lakshadweep","LD","Kavaratti",64473,30,2149,2011,"Wikipedia (Census of India 2011)","https://en.wikipedia.org/wiki/List_of_districts_in_India"
749,12,"Tseminyü","Nagaland","NL","Tseminyü",63629,256,249,2011,"Wikipedia (Census of India 2011)","https://en.wikipedia.org/wiki/List_of_districts_in_India"
750,13,"Longding","Arunachal Pradesh","AR","Longding",60000,1200,50,2011,"Wikipedia (Census of India 2011)","https://en.wikipedia.org/wiki/List_of_districts_in_India"
751,13,"Noklak","Nagaland","NL","Noklak",59300,1152,51,2011,"Wikipedia (Census of India 2011)","https://en.wikipedia.org/wiki/List_of_districts_in_India"
752,12,"Tengnoupal","Manipur","MN","Tengnoupal",59110,1213,49,2011,"Wikipedia (Census of India 2011)","https://en.wikipedia.org/wiki/List_of_districts_in_India"
753,8,"Saiha","Mizoram","MZ","Saiha",56366,1414,40,2011,"Wikipedia (Census of India 2011)","https://en.wikipedia.org/wiki/List_of_districts_in_India"
754,3,"Yanam","Puducherry","PY","Yanam",55626,30,1854,2011,"Wikipedia (Census of India 2011)","https://en.wikipedia.org/wiki/List_of_districts_in_India"
755,14,"Lower Dibang Valley","Arunachal Pradesh","AR","Roing",53986,3900,14,2011,"Wikipedia (Census of India 2011)","https://en.wikipedia.org/wiki/List_of_districts_in_India"
756,3,"Diu","Dadra and Nagar Haveli and Daman and Diu","DD","Diu",52074,39,2058,2011,"Wikipedia (Census of India 2011)","https://en.wikipedia.org/wiki/List_of_districts_in_India"
757,14,"Longleng","Nagaland","NL","Longleng",50593,885,89,2011,"Wikipedia (Census of India 2011)","https://en.wikipedia.org/wiki/List_of_districts_in_India"
758,9,"Saitual","Mizoram","MZ","Saitual",50575,1757,29,2011,"Wikipedia (Census of India 2011)","https://en.wikipedia.org/wiki/List_of_districts_in_India"
759,15,"Tawang","Arunachal Pradesh","AR","Tawang",49950,2085,24,2011,"Wikipedia (Census of India 2011)","https://en.wikipedia.org/wiki/List_of_districts_in_India"
760,13,"Pherzawl","Manipur","MN","Pherzawl",47250,2128,21,2011,"Wikipedia (Census of India 2011)","https://en.wikipedia.org/wiki/List_of_districts_in_India"
761,14,"Kamjong","Manipur","MN","Kamjong",45616,2338,23,2011,"Wikipedia (Census of India 2011)","https://en.wikipedia.org/wiki/List_of_districts_in_India"
762,3,"Drass","Ladakh","LA","Drass",45000,2646,17,2011,"Wikipedia (Census of India 2011)","https://en.wikipedia.org/wiki/List_of_districts_in_India"
763,15,"Jiribam","Manipur","MN","Jiribam",43818,182,190,2011,"Wikipedia (Census of India 2011)","https://en.wikipedia.org/wiki/List_of_districts_in_India"
764,6,"Mangan","Sikkim","SK","Mangan",43354,4226,10,2011,"Wikipedia (Census of India 2011)","https://en.wikipedia.org/wiki/List_of_districts_in_India"
765,15,"Niuland","Nagaland","NL","Niuland",42287,483,87,2011,"Wikipedia (Census of India 2011)","https://en.wikipedia.org/wiki/List_of_districts_in_India"
766,10,"Khawzawl","Mizoram","MZ","Khawzawl",41974,1189,35,2011,"Wikipedia (Census of India 2011)","https://en.wikipedia.org/wiki/List_of_districts_in_India"
767,4,"Mahé","Puducherry","PY","Mahé",41816,9,4646,2011,"Wikipedia (Census of India 2011)","https://en.wikipedia.org/wiki/List_of_districts_in_India"
768,16,"Noney","Manipur","MN","Noney (Longmai)",38533,1076,0,2011,"Wikipedia (Census of India 2011)","https://en.wikipedia.org/wiki/List_of_districts_in_India"
769,3,"Nicobar","Andaman and Nicobar Islands","AN","Car Nicobar",36842,1841,20,2011,"Wikipedia (Census of India 2011)","https://en.wikipedia.org/wiki/List_of_districts_in_India"
770,16,"Upper Siang","Arunachal Pradesh","AR","Yingkiong",35289,6188,6,2011,"Wikipedia (Census of India 2011)","https://en.wikipedia.org/wiki/List_of_districts_in_India"
771,4,"Nubra","Ladakh","LA","Diskit",35000,9500,4,2011,"Wikipedia (Census of India 2011)","https://en.wikipedia.org/wiki/List_of_districts_in_India"
772,16,"Shamator","Nagaland","NL","Shamator",34223,469,73,2011,"Wikipedia (Census of India 2011)","https://en.wikipedia.org/wiki/List_of_districts_in_India"
773,17,"Siang","Arunachal Pradesh","AR","Boleng",31920,2919,11,2011,"Wikipedia (Census of India 2011)","https://en.wikipedia.org/wiki/List_of_districts_in_India"
774,18,"Keyi Panyor","Arunachal Pradesh","AR","Yachuli",30000,0,0,2011,"Wikipedia (Census of India 2011)","https://en.wikipedia.org/wiki/List_of_districts_in_India"
775,11,"Hnahthial","Mizoram","MZ","Hnahthial",28468,1030,28,2011,"Wikipedia (Census of India 2011)","https://en.wikipedia.org/wiki/List_of_districts_in_India"
776,19,"Lepa Rada","Arunachal Pradesh","AR","Basar",28450,0,0,2011,"Wikipedia (Census of India 2011)","https://en.wikipedia.org/wiki/List_of_districts_in_India"
777,5,"Changthang","Ladakh","LA","Nyoma",25000,21000,1,2011,"Wikipedia (Census of India 2011)","https://en.wikipedia.org/wiki/List_of_districts_in_India"
778,20,"Lower Siang","Arunachal Pradesh","AR","Likabali",22630,0,0,2011,"Wikipedia (Census of India 2011)","https://en.wikipedia.org/wiki/List_of_districts_in_India"
779,21,"Kra Daadi","Arunachal Pradesh","AR","Palin",22290,2202,10,2011,"Wikipedia (Census of India 2011)","https://en.wikipedia.org/wiki/List_of_districts_in_India"
780,22,"Kamle","Arunachal Pradesh","AR","Raga",22256,200,111,2011,"Wikipedia (Census of India 2011)","https://en.wikipedia.org/wiki/List_of_districts_in_India"
781,23,"Anjaw","Arunachal Pradesh","AR","Hawai",21089,6190,3,2011,"Wikipedia (Census of India 2011)","https://en.wikipedia.org/wiki/List_of_districts_in_India"
782,6,"Zanskar","Ladakh","LA","Padum",20000,3000,7,2011,"Wikipedia (Census of India 2011)","https://en.wikipedia.org/wiki/List_of_districts_in_India"
783,12,"Lahaul and Spiti","Himachal Pradesh","HP","Keylong",18528,7835,2,2011,"Wikipedia (Census of India 2011)","https://en.wikipedia.org/wiki/List_of_districts_in_India"
784,24,"Pakke-Kessang","Arunachal Pradesh","AR","Lemmi",15358,1932,7,2011,"Wikipedia (Census of India 2011)","https://en.wikipedia.org/wiki/List_of_districts_in_India"
785,7,"Sham","Ladakh","LA","Khalatse",15000,14086,1,2011,"Wikipedia (Census of India 2011)","https://en.wikipedia.org/wiki/List_of_districts_in_India"
786,25,"Shi Yomi","Arunachal Pradesh","AR","Tato",13310,2875,5,2011,"Wikipedia (Census of India 2011)","https://en.wikipedia.org/wiki/List_of_districts_in_India"
787,26,"Bichom","Arunachal Pradesh","AR","Napangphung",9710,2897,3,2011,"Wikipedia (Census of India 2011)","https://en.wikipedia.org/wiki/List_of_districts_in_India"
788,27,"Upper Dibang Valley","Arunachal Pradesh","AR","Anini",8004,9129,1,2011,"Wikipedia (Census of India 2011)","https://en.wikipedia.org/wiki/List_of_districts_in_India"